Number,Total_Total,Total_Males,Total_Females,Chinese_Total,Chinese_Males,Chinese_Females,Malays_Total,Malays_Males,Malays_Females,Indians_Total,Indians_Males,Indians_Females,Others_Total,Others_Males,Others_Females
Total,3902690,1916630,1986060,2900010,1415300,1484700,520920,259110,261820,354950,182300,172650,126810,59910,66900
Ang Mo Kio- Total,174770,84220,90550,143290,68860,74430,13060,6430,6640,14150,7050,7100,4270,1890,2390
Ang Mo Kio Town Centre,5020,2370,2640,4260,2020,2240,210,90,120,360,170,190,190,100,90
Cheng San,29770,14400,15370,24660,11890,12770,2140,1080,1060,2380,1210,1170,600,230,370
Chong Boon,27900,13590,14310,22910,11150,11760,1950,950,1010,2400,1230,1170,630,260,370
Kebun Bahru,23910,11450,12460,19210,9160,10060,2200,1090,1110,1910,940,960,590,270,330
Sembawang Hills,6890,3240,3650,6080,2850,3230,100,50,50,500,230,270,220,110,110
Shangri-La,18510,9090,9410,13900,6810,7090,2410,1200,1210,1790,920,880,410,170,240
Tagore,8350,3990,4360,7440,3540,3900,70,40,40,560,270,290,270,140,140
Townsville,23770,11300,12470,19630,9320,10310,1660,800,860,1900,930,970,580,250,330
Yio Chu Kang,30,na,na,na,na,na,na,na,na,na,na,na,na,na,na
Yio Chu Kang East,4080,2020,2060,3620,1790,1830,50,30,30,300,140,160,120,60,50
Yio Chu Kang North,na,na,na,na,na,na,na,na,na,na,na,na,na,na,na
Yio Chu Kang West,26550,12750,13800,21540,10330,11220,2270,1110,1160,2060,1000,1060,670,310,370
Bedok- Total,289750,141220,148530,208880,101010,107870,43980,21640,22340,25110,12880,12230,11780,5690,6090
Bayshore,7480,3580,3900,5240,2450,2790,130,50,80,1360,670,680,750,410,340
Bedok North,85930,41990,43940,59870,29010,30860,17030,8510,8520,6430,3310,3120,2600,1150,1450
Bedok Reservoir,25400,12420,12980,18900,9240,9660,3700,1810,1900,2020,1020,1000,770,350,420
Bedok South,51190,25010,26180,39110,18950,20160,5890,2900,2990,3780,1960,1820,2410,1200,1210
Frankel,33570,15920,17650,27430,12840,14590,1160,520,640,2670,1360,1310,2310,1200,1110
Kaki Bukit,40820,20220,20600,26180,12900,13280,9740,4840,4910,3780,1980,1800,1120,510,610
Kembangan,38440,18870,19570,27170,13350,13820,6220,2970,3250,3650,1900,1750,1400,650,750
Siglap,6930,3210,3720,4980,2270,2710,110,40,70,1420,680,730,430,220,210
Bishan- Total,90700,44110,46590,77220,37480,39740,3760,1790,1970,7000,3530,3470,2720,1320,1400
Bishan East,28820,13760,15060,24020,11440,12580,1460,690,770,2560,1280,1280,790,360,430
Marymount,31540,15650,15880,27090,13440,13660,1270,600,670,2300,1190,1110,880,430,450
Upper Thomson,30340,14700,15640,26100,12600,13500,1040,500,540,2140,1060,1080,1060,530,520
Boon Lay- Total,30,na,na,na,na,na,na,na,na,na,na,na,na,na,na
Liu Fang,10,na,na,na,na,na,na,na,na,na,na,na,na,na,na
SaMulun,10,na,na,na,na,na,na,na,na,na,na,na,na,na,na
Shipyard,na,na,na,na,na,na,na,na,na,na,na,na,na,na,na
Tukang,10,na,na,na,na,na,na,na,na,na,na,na,na,na,na
Bukit Batok- Total,139270,68650,70610,102080,50040,52040,19570,9690,9880,13730,7050,6670,3900,1870,2030
BrickWorks,na,na,na,na,na,na,na,na,na,na,na,na,na,na,na
Bukit Batok Central,26060,12780,13280,19820,9700,10110,3240,1580,1660,2410,1220,1190,590,270,320
Bukit Batok East,14570,7280,7290,9330,4580,4750,3120,1590,1530,1810,970,840,320,150,170
Bukit Batok South,13940,6860,7080,10460,5120,5340,1570,760,810,1550,800,750,370,190,180
Bukit Batok West,15190,7460,7730,10750,5270,5480,2430,1200,1230,1710,860,850,300,130,170
Gombak,9820,4840,4980,8350,4110,4240,630,310,320,630,320,310,220,100,120
Guilin,13130,6390,6740,9310,4500,4800,1920,920,1000,1470,750,720,430,220,220
Hillview,18220,8790,9430,15750,7580,8170,340,150,190,1150,550,590,980,510,470
Hong Kah North,28340,14260,14080,18320,9190,9140,6330,3180,3140,2990,1570,1420,690,310,380
Bukit Merah- Total,155840,75450,80390,122610,58870,63740,13400,6730,6670,15120,7720,7400,4710,2130,2570
Alexandra Hill,15650,7720,7930,11330,5570,5770,2300,1170,1130,1700,860,840,320,120,190
Alexandra North,1000,450,550,750,340,410,10,na,10,140,60,80,110,50,50
Bukit Ho Swee,16290,7980,8310,13050,6310,6740,1500,780,730,1340,700,640,400,190,210
Bukit Merah,1190,570,610,1010,490,530,20,10,10,130,70,60,20,10,10
City Terminals,40,na,na,na,na,na,na,na,na,na,na,na,na,na,na
Depot Road,5200,2480,2720,4310,2050,2270,160,70,80,490,240,250,240,120,120
Everton Park,9010,4270,4750,6910,3230,3680,670,330,340,1020,510,510,420,200,220
Henderson Hill,12870,6370,6500,9160,4520,4640,2010,1010,1000,1370,710,660,330,130,200
Kampong Tiong Bahru,10460,5210,5240,8060,4000,4060,1050,530,520,1150,610,540,210,80,130
Maritime Square,2560,1210,1340,1800,840,960,40,20,20,260,120,140,460,230,230
Redhill,12210,5890,6320,9870,4730,5140,1010,500,510,1010,520,490,330,150,180
Singapore General Hospital,10,na,na,na,na,na,na,na,na,na,na,na,na,na,na
Telok Blangah Drive,16000,7650,8350,12540,5930,6610,1350,670,680,1730,900,840,380,150,230
Telok Blangah Rise,13820,6640,7180,11180,5330,5850,760,380,380,1590,800,790,290,130,160
Telok Blangah Way,10690,5350,5340,8050,4000,4050,1350,720,640,1070,560,510,220,80,140
Tiong Bahru,12190,5700,6490,10800,5050,5750,230,90,140,770,370,390,400,190,210
Tiong Bahru Station,16670,7930,8740,13780,6500,7280,960,460,500,1360,690,670,570,280,300
Bukit Panjang- Total,139030,69160,69870,103280,51200,52080,22230,11210,11020,10300,5260,5040,3210,1480,1730
Bangkit,23800,11900,11900,17760,8860,8910,4150,2080,2070,1500,790,710,380,170,210
Dairy Farm,5390,2620,2770,4660,2260,2410,80,40,40,350,180,170,290,150,150
Fajar,26770,13390,13380,18690,9290,9400,5450,2780,2670,2080,1080,1010,550,240,310
Jelebu,33470,16660,16810,25900,12860,13040,4480,2240,2240,2370,1220,1150,720,350,380
Nature Reserve,3870,1820,2050,3190,1480,1710,80,30,50,270,130,140,330,180,160
Saujana,25530,12710,12820,18280,9100,9180,4550,2300,2250,2200,1090,1100,500,220,280
Senja,20200,10060,10140,14800,7360,7440,3430,1740,1700,1530,780,760,430,190,250
Bukit Timah- Total,74470,34660,39810,64150,29740,34410,760,310,460,3650,1760,1900,5910,2860,3050
Anak Bukit,21990,10530,11460,20090,9600,10490,220,100,120,840,410,440,830,420,410
Coronation Road,6170,2840,3330,5380,2500,2880,30,10,20,290,130,160,480,210,280
Farrer Court,4680,2190,2490,3980,1860,2130,150,70,80,230,120,110,320,150,170
Hillcrest,8810,3950,4870,7330,3270,4060,60,20,50,550,250,300,880,410,470
Holland Road,10280,4550,5730,8780,3850,4930,80,30,50,440,190,250,980,480,500
Leedon Park,6260,2880,3380,4850,2170,2670,80,30,50,400,200,200,940,480,460
Swiss Club,5550,2580,2970,4650,2150,2500,70,30,40,300,160,140,530,250,280
Ulu Pandan,10730,5140,5590,9100,4340,4760,70,20,50,600,300,300,960,480,480
Central Water Catchment- Total,10,na,na,na,na,na,na,na,na,na,na,na,na,na,na
Central Water Catchment,10,na,na,na,na,na,na,na,na,na,na,na,na,na,na
Changi- Total,2530,1300,1230,1200,580,620,720,390,330,470,250,220,140,80,60
Changi Airport,na,na,na,na,na,na,na,na,na,na,na,na,na,na,na
Changi Point,790,420,370,430,220,210,210,110,110,80,40,30,80,50,30
Changi West,1740,880,860,770,360,410,510,280,220,400,210,190,60,30,30
Changi Bay- Total,na,na,na,na,na,na,na,na,na,na,na,na,na,na,na
Changi Bay,na,na,na,na,na,na,na,na,na,na,na,na,na,na,na
Choa Chu Kang- Total,174330,86990,87340,123450,61380,62070,29630,14930,14690,16470,8370,8100,4790,2310,2480
Choa Chu Kang Central,21400,10600,10800,16070,7950,8130,2970,1470,1500,1770,900,870,600,290,310
Choa Chu Kang North,34380,17000,17380,24610,12170,12440,5510,2720,2790,3270,1630,1640,990,480,510
Keat Hong,15660,7860,7800,11090,5520,5580,2470,1280,1190,1730,880,850,370,190,190
Peng Siang,32130,16150,15980,21850,10920,10920,6000,3070,2930,3410,1740,1670,870,420,450
Teck Whye,27040,13590,13450,17420,8790,8630,6350,3200,3150,2750,1390,1360,520,210,310
Yew Tee,43710,21790,21930,32400,16040,16370,6330,3200,3120,3540,1830,1720,1440,720,720
Clementi- Total,91630,43870,47760,70700,33530,37170,9950,4930,5010,7600,3820,3780,3390,1590,1800
Clementi Central,13490,6470,7020,10480,4980,5500,1580,780,800,970,500,480,450,210,240
Clementi North,28730,13470,15260,22400,10380,12010,3330,1630,1700,2110,1050,1060,890,400,490
Clementi West,16470,8070,8400,11310,5450,5860,2690,1370,1330,1980,1020,960,480,230,250
Clementi Woods,16400,7890,8510,12220,5840,6370,2040,1010,1040,1550,770,780,600,280,320
Faber,4320,2100,2220,3750,1830,1920,40,20,20,310,150,160,230,100,130
Pandan,10,na,na,na,na,na,na,na,na,na,na,na,na,na,na
Sunset Way,6290,2920,3370,5220,2400,2820,220,100,120,390,190,200,460,230,230
Toh Tuck,40,na,na,na,na,na,na,na,na,na,na,na,na,na,na
West Coast,5890,2930,2960,5290,2630,2660,40,20,20,300,150,150,260,130,130
Downtown Core- Total,3720,1860,1860,2970,1440,1530,40,10,20,320,180,140,390,230,160
Anson,80,na,na,na,na,na,na,na,na,na,na,na,na,na,na
Bayfront Subzone,na,na,na,na,na,na,na,na,na,na,na,na,na,na,na
Bugis,2330,1110,1220,2100,1000,1100,20,10,10,160,80,90,40,30,20
Cecil,160,90,70,90,50,40,10,na,10,20,10,10,40,30,10
Central Subzone,480,230,250,300,140,160,10,10,na,40,20,20,120,60,60
City Hall,60,na,na,na,na,na,na,na,na,na,na,na,na,na,na
Clifford Pier,na,na,na,na,na,na,na,na,na,na,na,na,na,na,na
Marina Centre,20,na,na,na,na,na,na,na,na,na,na,na,na,na,na
Maxwell,na,na,na,na,na,na,na,na,na,na,na,na,na,na,na
Phillip,na,na,na,na,na,na,na,na,na,na,na,na,na,na,na
Raffles Place,60,na,na,na,na,na,na,na,na,na,na,na,na,na,na
Tanjong Pagar,520,290,240,320,160,170,na,na,na,70,50,20,130,80,50
Geylang- Total,116960,58090,58870,88060,43550,44510,15280,7550,7730,9900,5220,4690,3730,1780,1950
Aljunied,41710,20780,20930,34510,17130,17380,3030,1510,1510,2680,1410,1270,1490,720,770
Geylang East,33380,16310,17070,23950,11690,12260,5140,2460,2680,3070,1570,1500,1220,590,630
Kallang Way,40,na,na,na,na,na,na,na,na,na,na,na,na,na,na
Kampong Ubi,13210,6660,6550,8800,4400,4400,2860,1450,1410,1180,640,550,370,180,190
Macpherson,28630,14320,14320,20770,10310,10460,4250,2120,2130,2960,1580,1380,650,300,350
Hougang- Total,222310,109560,112750,181700,89240,92460,17650,8810,8840,18040,9310,8720,4930,2200,2720
Defu Industrial Park,20,na,na,na,na,na,na,na,na,na,na,na,na,na,na
Hougang Central,4830,2430,2400,4180,2110,2060,250,130,120,330,160,180,70,40,40
Hougang East,21940,10770,11170,17910,8840,9080,1850,900,950,1780,880,900,390,150,240
Hougang West,50120,24780,25340,40270,19880,20390,4790,2380,2410,4120,2120,2000,940,400,540
Kangkar,26080,12890,13200,21600,10670,10930,1830,900,930,2100,1080,1020,570,240,320
Kovan,25640,12470,13170,22950,11130,11820,590,280,310,1490,760,740,610,300,300
Lorong Ah Soo,34180,16320,17870,28370,13450,14930,2600,1300,1300,2590,1280,1300,630,280,340
Lorong Halus,na,na,na,na,na,na,na,na,na,na,na,na,na,na,na
Tai Seng,14700,7130,7580,11980,5770,6210,1260,610,650,1190,630,560,280,120,160
Trafalgar,44800,22770,22030,34420,17380,17040,4480,2300,2180,4450,2410,2030,1450,670,780
Jurong East- Total,84980,42270,42710,60130,29770,30360,13740,6800,6940,9150,4800,4350,1970,910,1060
International Business Park,10,na,na,na,na,na,na,na,na,na,na,na,na,na,na
Jurong Gateway,20,na,na,na,na,na,na,na,na,na,na,na,na,na,na
Jurong Port,10,na,na,na,na,na,na,na,na,na,na,na,na,na,na
Jurong River,10,na,na,na,na,na,na,na,na,na,na,na,na,na,na
Lakeside,1010,500,500,860,430,440,20,10,10,80,40,40,40,20,20
Penjuru Crescent,10,na,na,na,na,na,na,na,na,na,na,na,na,na,na
Teban Gardens,19080,9570,9510,11810,5920,5900,4800,2360,2440,2130,1150,970,350,150,200
Toh Guan,16510,8240,8270,12480,6210,6270,1930,950,980,1640,860,780,460,220,240
Yuhua East,27460,13510,13960,20160,9830,10330,3740,1870,1860,3000,1550,1450,570,260,310
Yuhua West,20870,10420,10450,14770,7360,7410,3260,1610,1650,2300,1200,1100,540,250,290
Jurong West- Total,272660,137560,135110,190240,95510,94740,48630,24480,24150,27090,14420,12670,6710,3160,3550
Boon Lay Place,31100,15950,15160,19900,10230,9670,7420,3770,3640,2990,1590,1400,800,360,440
Chin Bee,na,na,na,na,na,na,na,na,na,na,na,na,na,na,na
Hong Kah,56870,28380,28490,38920,19240,19680,10610,5330,5290,6000,3190,2810,1330,620,700
Jurong West Central,68200,34280,33920,51820,25940,25880,8530,4280,4260,5590,2960,2630,2260,1100,1160
Kian Teck,50,na,na,na,na,na,na,na,na,na,na,na,na,na,na
Safti,na,na,na,na,na,na,na,na,na,na,na,na,na,na,na
Taman Jurong,36940,18510,18430,25860,12910,12950,6320,3150,3160,3860,2020,1840,900,420,480
Wenya,8610,4400,4210,5820,2930,2890,1440,750,690,1100,590,510,260,130,130
Yunnan,70890,36010,34880,47880,24210,23660,14310,7200,7110,7540,4070,3470,1160,520,640
Kallang- Total,101210,50410,50800,75800,37400,38390,7980,4040,3940,14460,7570,6890,2970,1390,1580
Bendemeer,33830,16550,17280,27280,13190,14090,1560,800,760,4390,2300,2090,600,270,330
Boon Keng,10970,5340,5630,8680,4220,4460,1250,620,630,810,400,410,240,100,130
Crawford,9740,5380,4360,6590,3630,2960,1720,900,820,1140,720,420,290,130,160
Geylang Bahru,12870,6440,6430,9560,4770,4800,1590,790,800,1500,810,690,210,80,140
Kallang Bahru,30,na,na,na,na,na,na,na,na,na,na,na,na,na,na
Kampong Bugis,890,450,440,730,370,360,40,10,20,90,50,40,40,20,20
Kampong Java,11260,5540,5720,8770,4290,4480,380,180,200,1680,890,800,430,190,240
Lavender,10320,5400,4920,7240,3740,3500,960,500,450,1780,990,790,350,180,170
Tanjong Rhu,11310,5290,6020,6930,3190,3740,490,250,240,3080,1430,1660,810,420,380
Lim Chu Kang- Total,90,na,na,na,na,na,na,na,na,na,na,na,na,na,na
Lim Chu Kang,90,na,na,na,na,na,na,na,na,na,na,na,na,na,na
Mandai- Total,2120,1000,1120,1710,810,900,110,40,60,240,120,120,70,30,40
Mandai East,na,na,na,na,na,na,na,na,na,na,na,na,na,na,na
Mandai Estate,2120,1000,1120,1710,810,900,110,40,60,240,120,120,70,30,40
Mandai West,na,na,na,na,na,na,na,na,na,na,na,na,na,na,na
Marina East- Total,na,na,na,na,na,na,na,na,na,na,na,na,na,na,na
Marina East,na,na,na,na,na,na,na,na,na,na,na,na,na,na,na
Marina South- Total,na,na,na,na,na,na,na,na,na,na,na,na,na,na,na
Marina South,na,na,na,na,na,na,na,na,na,na,na,na,na,na,na
Marine Parade- Total,48730,22970,25770,36620,17070,19550,3510,1690,1820,6010,2930,3080,2590,1280,1310
East Coast,na,na,na,na,na,na,na,na,na,na,na,na,na,na,na
Katong,9620,4630,4990,8270,3910,4360,100,50,50,720,370,350,530,300,230
Marina East (MP),na,na,na,na,na,na,na,na,na,na,na,na,na,na,na
Marine Parade,28910,13510,15400,21270,9820,11450,3320,1610,1720,2880,1400,1480,1450,680,770
Mountbatten,10210,4830,5380,7090,3340,3750,80,30,50,2420,1160,1260,620,300,310
Museum- Total,380,190,190,220,100,120,na,na,na,40,30,20,110,60,50
Bras Basah,10,na,na,na,na,na,na,na,na,na,na,na,na,na,na
Dhoby Ghaut,210,100,110,150,70,80,na,na,na,10,10,na,50,30,20
Fort Canning,160,80,80,70,30,40,na,na,na,30,20,10,60,40,30
Newton- Total,6920,3240,3680,4870,2200,2670,60,20,40,780,390,390,1210,630,580
Cairnhill,3330,1560,1770,2390,1080,1310,20,10,20,390,190,210,530,280,250
Goodwood Park,910,420,490,680,300,380,10,na,na,90,50,40,130,70,60
Istana Negara,40,na,na,na,na,na,na,na,na,na,na,na,na,na,na
Monk'S Hill,980,480,510,710,330,380,10,na,10,120,70,50,150,80,70
Newton Circus,230,110,110,130,60,60,na,na,na,30,10,10,70,40,30
Orange Grove,1440,650,780,950,420,530,20,na,10,130,60,70,340,170,170
North-Eastern Islands- Total,60,na,na,na,na,na,na,na,na,na,na,na,na,na,na
North-Eastern Islands,60,na,na,na,na,na,na,na,na,na,na,na,na,na,na
Novena- Total,47990,23160,24830,38840,18640,20200,2110,1030,1080,4210,2150,2060,2830,1340,1480
Balestier,32340,15700,16640,25930,12520,13410,1990,980,1020,3130,1600,1530,1290,600,690
Dunearn,3900,1790,2110,3250,1480,1770,20,10,10,300,150,150,340,160,180
Malcolm,2630,1190,1440,2130,960,1180,20,10,10,140,70,70,340,160,180
Moulmein,8470,4160,4310,7040,3440,3600,80,40,40,590,310,280,770,380,390
Mount Pleasant,650,320,330,500,250,250,10,na,na,50,20,30,90,40,50
Orchard- Total,920,430,500,620,270,350,10,10,10,70,30,40,220,120,100
Boulevard,400,200,210,290,130,160,10,na,na,20,10,10,90,60,30
Somerset,130,60,70,90,30,50,na,na,na,10,10,10,30,20,10
Tanglin,390,170,220,240,100,140,na,na,na,40,20,20,110,50,60
Outram- Total,22080,11100,10980,18020,8960,9060,1930,990,950,1590,880,710,540,270,270
China Square,1590,760,830,1540,740,800,10,na,na,20,10,10,30,10,10
Chinatown,11880,5720,6150,10060,4790,5270,620,310,310,870,440,430,330,180,160
Pearl'S Hill,8230,4430,3800,6060,3260,2800,1310,670,640,680,420,260,180,80,100
People'S Park,390,190,200,360,180,190,na,na,na,10,10,na,10,na,10
Pasir Ris- Total,139890,69150,70740,93910,46160,47750,28420,14120,14310,11920,6160,5760,5640,2720,2920
Flora Drive,12950,6350,6610,10160,4930,5230,1070,510,560,1160,610,550,560,290,280
Loyang East,2190,1070,1120,1640,820,820,90,40,50,260,120,140,200,90,110
Loyang West,200,100,110,150,70,80,30,10,10,10,10,na,10,10,na
Pasir Ris Central,25730,12700,13030,18900,9300,9600,3790,1870,1930,2080,1070,1010,960,460,500
Pasir Ris Drive,59480,29520,29970,36120,17800,18320,16020,8010,8020,5000,2600,2400,2340,1110,1230
Pasir Ris Park,2980,1460,1520,2240,1080,1160,330,160,180,220,120,100,190,110,80
Pasir Ris Wafer Fab Park,20,na,na,na,na,na,na,na,na,na,na,na,na,na,na
Pasir Ris West,36330,17950,18390,24690,12150,12540,7090,3520,3570,3180,1620,1560,1370,660,720
Paya Lebar- Total,40,na,na,na,na,na,na,na,na,na,na,na,na,na,na
Airport Road,na,na,na,na,na,na,na,na,na,na,na,na,na,na,na
Paya Lebar East,10,na,na,na,na,na,na,na,na,na,na,na,na,na,na
Paya Lebar North,20,na,na,na,na,na,na,na,na,na,na,na,na,na,na
Paya Lebar West,na,na,na,na,na,na,na,na,na,na,na,na,na,na,na
Plab,na,na,na,na,na,na,na,na,na,na,na,na,na,na,na
Pioneer- Total,100,na,na,na,na,na,na,na,na,na,na,na,na,na,na
Benoi Sector,na,na,na,na,na,na,na,na,na,na,na,na,na,na,na
Gul Basin,20,na,na,na,na,na,na,na,na,na,na,na,na,na,na
Gul Circle,30,na,na,na,na,na,na,na,na,na,na,na,na,na,na
Joo Koon,40,na,na,na,na,na,na,na,na,na,na,na,na,na,na
Pioneer Sector,na,na,na,na,na,na,na,na,na,na,na,na,na,na,na
Punggol- Total,109750,54100,55650,84890,41890,43010,14480,7090,7390,7720,3960,3760,2670,1170,1500
Coney Island,na,na,na,na,na,na,na,na,na,na,na,na,na,na,na
Matilda,30440,14960,15480,23290,11510,11780,4450,2150,2310,1990,1000,990,700,300,410
Northshore,280,150,140,240,120,120,na,na,na,30,20,10,20,10,10
Punggol Canal,na,na,na,na,na,na,na,na,na,na,na,na,na,na,na
Punggol Field,43300,21310,21990,33980,16690,17280,4670,2280,2400,3400,1760,1640,1250,580,670
Punggol Town Centre,7390,3600,3790,6030,2920,3110,860,440,420,350,170,180,160,70,90
Waterway East,28340,14090,14260,21360,10650,10720,4490,2230,2260,1950,1000,950,540,220,330
Queenstown- Total,98050,46230,51820,77390,36100,41290,8720,4230,4490,8000,4040,3950,3950,1850,2100
Commonwealth,8130,3830,4300,6030,2810,3220,1170,560,610,590,310,280,350,150,200
Dover,13200,6350,6850,10460,5000,5470,1050,520,530,1220,620,590,470,220,250
Ghim Moh,11900,5590,6320,9240,4310,4930,1530,730,800,820,420,410,310,130,180
Holland Drive,14230,6510,7710,11790,5350,6440,1190,550,640,760,390,370,480,230,260
Kent Ridge,1080,520,560,670,310,370,20,10,10,200,110,90,190,90,100
Margaret Drive,10520,4980,5540,9010,4240,4770,330,160,170,850,410,430,330,160,170
Mei Chin,16750,7930,8820,13050,6150,6900,1520,740,780,1740,850,890,450,200,250
National University Of S'Pore,360,100,260,320,80,240,10,na,na,10,10,10,20,10,20
One North,620,300,320,410,180,220,na,na,na,40,30,20,170,90,80
Pasir Panjang 1,4010,1920,2090,3410,1620,1800,40,20,20,240,110,120,320,170,140
Pasir Panjang 2,3520,1710,1810,2820,1350,1470,80,40,40,240,130,120,370,190,190
Port,140,70,70,120,60,60,na,na,na,10,10,10,10,na,na
Queensway,280,140,140,200,100,110,10,na,10,30,20,10,40,20,10
Singapore Polytechnic,160,80,80,120,60,60,na,na,na,30,10,10,10,10,10
Tanglin Halt,13160,6200,6960,9750,4510,5240,1770,880,880,1220,620,600,440,200,240
River Valley- Total,9190,4260,4930,6440,2940,3510,90,30,60,1270,590,680,1400,710,690
Institution Hill,3380,1600,1780,2440,1140,1300,30,10,20,480,230,260,430,220,210
Leonie Hill,2450,1120,1320,1510,700,820,30,10,20,500,220,280,410,200,210
One Tree Hill,1840,840,1010,1280,570,710,20,10,10,210,90,120,340,170,170
Oxley,1380,640,740,1100,480,620,20,10,10,70,40,30,190,110,90
Paterson,150,70,80,120,50,70,na,na,na,10,10,na,30,20,10
Rochor- Total,14590,7410,7180,10470,5100,5370,640,300,330,2960,1720,1240,530,290,240
Bencoolen,1460,700,760,1040,480,560,40,20,20,300,150,150,80,40,40
Farrer Park,3130,1630,1500,2090,1040,1050,70,30,40,910,530,380,60,20,40
Kampong Glam,170,120,60,60,30,20,30,20,10,70,50,20,20,20,na
Little India,3850,2030,1820,2810,1390,1420,30,20,20,970,600,370,40,20,20
Mackenzie,110,60,50,80,40,40,na,na,na,20,10,10,10,10,10
Mount Emily,1110,530,580,830,370,460,20,10,10,70,40,30,190,110,80
Rochor Canal,10,na,na,na,na,na,na,na,na,na,na,na,na,na,na
Selegie,270,150,130,180,90,90,na,na,na,70,40,30,30,10,10
Sungei Road,2420,1230,1190,1610,830,780,420,210,210,350,180,180,40,20,20
Victoria,2060,980,1090,1780,830,950,20,10,20,200,110,90,60,30,30
Seletar- Total,270,140,140,170,80,90,na,na,na,40,20,20,60,30,30
Pulau Punggol Barat,na,na,na,na,na,na,na,na,na,na,na,na,na,na,na
Pulau Punggol Timor,na,na,na,na,na,na,na,na,na,na,na,na,na,na,na
Seletar,260,130,130,160,80,90,na,na,na,30,20,10,60,30,30
Seletar Aerospace Park,20,na,na,na,na,na,na,na,na,na,na,na,na,na,na
Sembawang- Total,76530,37910,38620,55690,27450,28240,10320,5060,5260,7190,3750,3430,3330,1640,1690
Admiralty,14410,7120,7280,10240,5060,5180,2290,1120,1170,1330,670,660,540,270,270
Sembawang Central,29140,14340,14800,21390,10460,10930,3720,1830,1890,2690,1380,1310,1350,660,680
Sembawang East,90,na,na,na,na,na,na,na,na,na,na,na,na,na,na
Sembawang North,26860,13390,13470,19130,9500,9640,4040,1980,2060,2450,1310,1140,1230,600,630
Sembawang Springs,4290,2090,2200,3550,1730,1830,150,70,90,460,250,220,120,60,70
Sembawang Straits,1700,890,820,1270,650,620,100,50,50,240,130,110,90,50,30
Senoko North,20,na,na,na,na,na,na,na,na,na,na,na,na,na,na
Senoko South,20,na,na,na,na,na,na,na,na,na,na,na,na,na,na
The Wharves,na,na,na,na,na,na,na,na,na,na,na,na,na,na,na
Sengkang- Total,206680,101790,104890,160590,79070,81520,22580,11120,11460,18200,9230,8970,5310,2380,2930
Anchorvale,38040,18680,19360,29590,14500,15090,3960,1970,1990,3440,1740,1700,1050,470,580
Compassvale,18510,9040,9470,15750,7680,8070,1430,700,730,1030,520,500,310,140,170
Fernvale,35590,17560,18030,27000,13330,13670,5170,2570,2600,2490,1290,1200,940,380,560
Lorong Halus North,na,na,na,na,na,na,na,na,na,na,na,na,na,na,na
Rivervale,59860,29590,30270,45460,22530,22930,6820,3330,3490,6060,3020,3040,1510,710,800
Sengkang Town Centre,54680,26920,27750,42780,21020,21760,5210,2560,2650,5190,2660,2530,1510,680,830
Sengkang West,10,na,na,na,na,na,na,na,na,na,na,na,na,na,na
Serangoon- Total,120670,58380,62290,101460,48880,52580,5170,2580,2590,10740,5370,5370,3310,1560,1750
Lorong Chuan,8390,4010,4380,7570,3610,3960,50,20,20,420,210,220,350,170,180
Seletar Hills,13580,6710,6870,12040,5910,6130,150,60,80,930,490,440,460,250,210
Serangoon Central,26480,12660,13820,22110,10510,11610,1180,600,590,2600,1290,1300,590,270,320
Serangoon Garden,39180,18750,20420,32530,15490,17030,1980,1010,980,3480,1710,1770,1190,540,650
Serangoon North,17490,8660,8830,13810,6830,6980,1310,650,660,1980,1010,970,380,170,210
Serangoon North Ind Estate,20,na,na,na,na,na,na,na,na,na,na,na,na,na,na
Upper Paya Lebar,15540,7580,7960,13380,6520,6860,500,240,260,1330,670,670,330,160,170
Simpang- Total,na,na,na,na,na,na,na,na,na,na,na,na,na,na,na
Pulau Seletar,na,na,na,na,na,na,na,na,na,na,na,na,na,na,na
Simpang North,na,na,na,na,na,na,na,na,na,na,na,na,na,na,na
Simpang South,na,na,na,na,na,na,na,na,na,na,na,na,na,na,na
Tanjong Irau,na,na,na,na,na,na,na,na,na,na,na,na,na,na,na
Singapore River- Total,2720,1310,1410,1870,840,1030,10,10,10,220,120,100,620,350,270
Boat Quay,180,100,80,110,60,50,na,na,na,20,10,10,50,40,20
Clarke Quay,130,80,50,70,40,30,na,na,na,20,10,10,30,20,10
Robertson Quay,2420,1130,1290,1690,740,950,10,10,10,180,100,90,530,290,240
Southern Islands- Total,1480,720,760,810,360,440,20,10,20,150,70,70,500,280,220
Sentosa,1470,720,760,810,360,440,20,10,20,150,70,70,500,280,220
Southern Group,na,na,na,na,na,na,na,na,na,na,na,na,na,na,na
Straits View- Total,na,na,na,na,na,na,na,na,na,na,na,na,na,na,na
Straits View,na,na,na,na,na,na,na,na,na,na,na,na,na,na,na
Sungei Kadut- Total,850,430,420,710,360,350,na,na,na,110,60,50,30,10,20
Gali Batu,130,50,80,110,40,70,na,na,na,10,10,na,10,na,10
Kranji,20,na,na,na,na,na,na,na,na,na,na,na,na,na,na
Pang Sua,20,na,na,na,na,na,na,na,na,na,na,na,na,na,na
Reservoir View,20,na,na,na,na,na,na,na,na,na,na,na,na,na,na
Turf Club,660,330,330,550,280,270,na,na,na,90,40,50,20,10,10
Tampines- Total,261230,128200,133030,175470,85610,89860,56010,27770,28240,21560,11010,10550,8200,3820,4380
Simei,42710,20720,21990,30950,14930,16030,5130,2520,2610,4810,2420,2400,1820,850,960
Tampines East,138500,67900,70600,89310,43580,45730,34020,16800,17220,10800,5500,5300,4360,2020,2340
Tampines North,na,na,na,na,na,na,na,na,na,na,na,na,na,na,na
Tampines West,78110,38610,39500,53600,26290,27300,16790,8410,8380,5800,3010,2790,1920,890,1030
Xilin,1920,970,950,1610,810,800,70,30,40,140,80,60,100,50,50
Tanglin- Total,19000,8770,10230,14160,6410,7750,190,80,110,1930,920,1010,2720,1360,1360
Chatsworth,5740,2640,3100,3960,1800,2160,50,20,30,860,400,460,870,430,440
Nassim,8340,3820,4510,6530,2930,3600,90,40,50,640,330,320,1080,530,540
Ridout,1400,650,760,1040,470,580,na,na,na,140,60,70,220,120,110
Tyersall,3520,1660,1860,2630,1220,1410,50,20,30,290,130,160,550,290,270
Tengah- Total,10,na,na,na,na,na,na,na,na,na,na,na,na,na,na
Tengah,10,na,na,na,na,na,na,na,na,na,na,na,na,na,na
Toa Payoh- Total,124940,59840,65100,102230,48620,53610,9920,4910,5010,9290,4710,4570,3510,1600,1920
Bidadari,10,na,na,na,na,na,na,na,na,na,na,na,na,na,na
Boon Teck,15110,7340,7770,11350,5480,5870,2280,1120,1160,1200,620,570,290,120,160
Braddell,10760,5160,5610,8360,3930,4430,1330,670,650,760,400,370,310,160,160
Joo Seng,6720,3360,3360,5780,2880,2900,240,120,110,550,290,270,150,70,80
Kim Keat,8610,4180,4430,7050,3420,3630,530,260,270,810,400,410,220,100,120
Lorong 8 Toa Payoh,8220,3970,4250,6730,3240,3490,760,370,380,540,280,270,190,80,100
Pei Chun,11780,5670,6120,9700,4650,5060,1010,500,510,730,380,350,340,140,200
Potong Pasir,12650,6260,6400,10330,5060,5270,680,350,330,1410,740,670,240,110,130
Sennett,4540,2160,2380,4100,1950,2150,70,30,40,280,140,140,90,40,50
Toa Payoh Central,30740,14410,16340,25390,11850,13540,2380,1170,1210,1990,940,1040,990,450,550
Toa Payoh West,13360,6140,7220,11230,5090,6150,620,310,320,900,470,430,600,280,320
Woodleigh,2440,1200,1240,2200,1080,1130,20,10,10,120,60,60,100,50,50
Tuas- Total,70,na,na,na,na,na,na,na,na,na,na,na,na,na,na
Tengeh,na,na,na,na,na,na,na,na,na,na,na,na,na,na,na
Tuas Bay,20,na,na,na,na,na,na,na,na,na,na,na,na,na,na
Tuas North,20,na,na,na,na,na,na,na,na,na,na,na,na,na,na
Tuas Promenade,10,na,na,na,na,na,na,na,na,na,na,na,na,na,na
Tuas View,10,na,na,na,na,na,na,na,na,na,na,na,na,na,na
Tuas View Extension,na,na,na,na,na,na,na,na,na,na,na,na,na,na,na
Western Islands- Total,na,na,na,na,na,na,na,na,na,na,na,na,na,na,na
Jurong Island And Bukom,na,na,na,na,na,na,na,na,na,na,na,na,na,na,na
Semakau,na,na,na,na,na,na,na,na,na,na,na,na,na,na,na
Sudong,na,na,na,na,na,na,na,na,na,na,na,na,na,na,na
Western Water Catchment- Total,900,400,500,730,320,410,na,na,na,90,40,50,70,30,40
Western Water Catchment,900,400,500,730,320,410,na,na,na,90,40,50,70,30,40
Woodlands- Total,250290,125900,124380,153780,77070,76710,62310,31360,30960,27810,14480,13330,6380,3000,3380
Greenwood Park,70,na,na,na,na,na,na,na,na,na,na,na,na,na,na
Midview,35510,17780,17730,21130,10550,10580,9680,4810,4870,3920,2060,1860,790,360,430
North Coast,14610,7450,7160,8140,4180,3960,4240,2130,2110,1950,1000,940,280,130,140
Senoko West,20,na,na,na,na,na,na,na,na,na,na,na,na,na,na
Woodgrove,35850,17960,17880,22880,11330,11550,8340,4250,4090,3730,1970,1760,910,420,490
Woodlands East,95510,47840,47660,60560,30240,30320,21560,10760,10800,10730,5590,5150,2660,1260,1400
Woodlands Regional Centre,na,na,na,na,na,na,na,na,na,na,na,na,na,na,na
Woodlands South,35840,17970,17860,21710,10790,10930,9130,4630,4500,3910,2010,1900,1080,540,540
Woodlands West,32890,16850,16040,19310,9960,9350,9360,4770,4590,3560,1840,1720,670,280,390
Yishun- Total,201970,99990,101980,142300,70230,72060,33940,16950,16990,20230,10310,9920,5510,2500,3010
Khatib,10850,5300,5550,8100,3980,4120,1390,670,710,1050,510,550,310,150,160
Lower Seletar,2870,1410,1450,2220,1090,1130,340,160,180,230,120,110,80,50,30
Nee Soon,900,440,470,790,380,420,30,10,10,50,30,20,30,20,10
Northland,30380,15130,15260,20070,10020,10040,6030,3000,3040,3190,1600,1580,1100,510,590
Springleaf,3880,1930,1940,3560,1780,1790,30,10,20,190,100,90,100,50,50
Yishun Central,1490,740,750,1200,590,610,140,70,70,130,70,60,30,10,20
Yishun East,54880,27190,27690,37680,18640,19040,10500,5210,5290,5350,2760,2600,1340,590,760
Yishun South,38840,19050,19790,28880,14130,14750,4960,2470,2490,4010,2020,2000,990,440,550
Yishun West,57890,28790,29090,39800,19630,20160,10520,5350,5180,6040,3110,2920,1530,700,830
