subzone_n,pln_area_n,beach_area,business_2,educational_institution,utility,special_use,waterbody,port_/_airport,park,road,business_1_-_white,commercial,light_rapid_transit,transport_facilities,health_&_medical_care,commercial_/_institution,business_1,residential,sports_&_recreation,commercial_&_residential,mass_rapid_transit,civic_&_community_institution,open_space,residential_with_commercial_at_1st_storey,cemetery,reserve_site,white,place_of_worship,business_2_-_white,hotel,residential_/_institution,business_park_-_white,business_park,agriculture,pri_classification
ANG MO KIO TOWN CENTRE,ANG MO KIO,0,0,0,0,0,0,0,0,67130.3415330426,0,19300.0259769495,0,0,3278.55901162222,0,0,112242.141594877,0,108153.878903839,0,0,0,0,0,3618.37833927386,0,3158.69181852109,0,0,0,0,0,0,RESIDENTIAL
CHENG SAN,ANG MO KIO,0,0,69354.0016379213,5449.97532760823,0,0,0,0,170907.509588292,0,0,0,0,0,0,0,569165.622619388,0,38897.2277699069,6817.23516165291,5714.7546572762,13301.0327648551,6443.5589602745,0,66989.01788861,0,2670.2523318163,0,0,0,0,0,0,RESIDENTIAL
CHONG BOON,ANG MO KIO,0,0,99001.7203278444,2889.88378066268,0,0,0,46794.1719311171,194385.792764965,0,0,0,0,5293.07207962984,0,161289.417721724,476925.53126691,0,58836.6695054179,0,4015.84468829091,16540.3027806332,8944.0587933102,0,0,0,3705.86312826296,0,0,0,0,0,0,RESIDENTIAL
KEBUN BAHRU,ANG MO KIO,0,0,81815.7239477917,5675.10635014473,0,0,0,214378.840299455,165340.166040642,0,0,0,0,0,0,0,498727.140402462,0,54329.5215830149,0,4003.9770869957,9292.74954150506,10528.6297378245,0,0,0,2325.13768569841,0,0,0,0,0,0,RESIDENTIAL
SEMBAWANG HILLS,ANG MO KIO,0,0,0,7547.35006004923,0,0,0,24545.9499285977,237085.056520056,0,2524.96146911992,0,7278.11698601724,0,0,0,540791.63282169,0,0,0,0,0,13475.1877482829,0,61267.7439034383,0,0,0,0,0,0,0,0,RESIDENTIAL
SHANGRI-LA,ANG MO KIO,0,0,61073.0239779579,1650.95916276835,0,0,0,10896.6790501949,146838.30148197,0,0,0,2903.61831814548,2694.64135900212,0,0,412257.126235025,0,17409.7105662675,0,4770.67858561394,17263.4779346257,5778.49985366296,0,0,0,4376.94768790677,0,0,0,0,0,0,RESIDENTIAL
TAGORE,ANG MO KIO,0,0,0,26002.0440773505,0,19959.3211760682,0,107690.115134578,607566.318482634,0,0,0,0,2489.94354271963,0,248687.689221863,1769208.68907609,0,0,0,0,1396.41438743487,20088.8751726433,0,527938.880712175,0,3164.14532980753,0,0,0,0,0,0,RESIDENTIAL
TOWNSVILLE,ANG MO KIO,0,0,14547.436812116,0,0,0,0,10901.6611882242,99435.0174994229,0,0,0,3977.25310923587,0,0,0,352996.404409061,12774.879960323,31067.2764189077,0,0,3553.20603820504,6582.39267309982,0,5734.01456944179,0,4824.27866921855,0,0,0,0,0,0,RESIDENTIAL
YIO CHU KANG,ANG MO KIO,0,172048.082090654,66936.3265635651,0,14.178355871785,26570.7893167053,0,332.335009375207,158875.652942175,0,0,0,46185.03160841,71508.2701482041,0,187970.461569454,33112.2740109112,96439.5427344238,0,7778.84277276755,18165.9899251116,0,0,0,21392.3833163821,0,2088.40729586162,0,0,0,0,0,0,BUSINESS 1
YIO CHU KANG EAST,ANG MO KIO,0,36.7456780922181,411436.835985553,1783.81018792148,541574.283600404,5582.63342363663,0,24748.304805693,178582.063274588,0,0,0,0,0,0,0,689361.68674643,6.09551006217296e-06,0,0,5.10405110047774e-14,0,8762.88414652008,0,2.78926165594947,0,0,0,0,0,0,0,0,RESIDENTIAL
YIO CHU KANG NORTH,ANG MO KIO,0,0,0,2452.40024276423,0,35736.3095806554,0,0,236693.062055245,0,0,0,0,0,0,0,0,0,0,0,0,0,0,0,1189627.15696052,0,0,0,0,0,0,0,0,RESERVE SITE
YIO CHU KANG WEST,ANG MO KIO,0,0,65666.1690207314,370.018645517257,0,4212.81570589205,0,21429.8712795034,163062.456796484,0,0,0,1729.10329020748,19993.3019145424,0,0,510748.270099968,0,34417.6544505696,0,4054.33050445762,11708.8094153021,6800.39595798107,0,0,0,1944.00025465234,0,0,0,0,0,0,RESIDENTIAL
BAYSHORE,BEDOK,140887.828291019,0,40875.4001999586,3340.88372094555,192288.180999509,36773.2114148978,0,496462.194267491,502830.319561412,0,0,0,0,5460.67005346198,0,0,643945.926397844,412807.73172468,59117.7715981126,0,0,7288.56804250214,0,0,0,0,8383.02031423943,0,0,0,0,0,0,RESIDENTIAL
BEDOK NORTH,BEDOK,0,0,168123.898366044,26429.8698732163,0,41384.1073197997,0,65676.9076787899,627569.822019212,0,16678.8037246001,0,5232.6553537023,0,0,0,1814325.4242284,55559.4376563483,272304.033893547,0,21736.6376331994,19641.0813734172,48499.7189128309,0,6831.81069855306,0,13669.2672888005,0,0,0,0,0,0,RESIDENTIAL
BEDOK RESERVOIR,BEDOK,0,0,50685.6107985614,5140.79375137985,0,937769.414202717,0,606764.479629321,205827.30098508,0,0,0,0,0,0,0,495760.34605557,20000.0555508621,33121.821846887,0,0,12698.1525993717,9048.77813894465,0,2514.75669266849,0,0,0,0,0,0,0,0,WATERBODY
BEDOK SOUTH,BEDOK,0,0,160206.551398481,20568.3378458178,0,47190.0323856865,0,74153.6173742776,590050.235729867,0,0,0,2909.45986317417,8076.71975154356,0,0,1939886.32110704,0,59099.8179629848,0,3760.42327684408,47008.4443210064,5997.36101838192,0,18109.3832453588,0,20290.6401436947,0,0,0,0,0,0,RESIDENTIAL
FRANKEL,BEDOK,0,0,170622.384346378,12757.1996668362,0,48438.9486510075,0,58738.7092093746,879409.817667236,0,2132.95162075037,0,13344.9772135703,41149.1116875625,0,370652.432534641,2525828.05069861,0,6558.97466436485,0,36635.8171964827,2978.78587043543,91184.1913107292,0,13829.883839108,0,22331.8448402918,0,546.314972822357,0,0,0,0,RESIDENTIAL
KAKI BUKIT,BEDOK,0,847052.595392435,39431.2995032425,121635.380693326,0.0144748475634419,11487.7337881613,0,42492.3219643439,588513.738453316,0,0,0,99439.3693941212,74458.4867282899,0,117654.705833468,754111.762149335,0,38230.4830730044,0,37571.9528095952,13862.8224306087,9899.29330301831,0,10378.0598057341,0,14730.8343319477,0,0,0,0,0,0,BUSINESS 2
KEMBANGAN,BEDOK,0,0,30898.1974785867,4914.31095541807,0,9751.9943090064,0,58461.6039398231,506847.912893355,0,0,0,3029.05081659576,10912.4082635278,0,153334.531501273,1374221.4860771,0,37039.6199221315,4909.56725164584,17702.5490714056,12120.1016726058,63401.0885816708,0,5684.18289029721,0,20801.0286896631,0,0,0,0,73247.7637635536,0,RESIDENTIAL
SIGLAP,BEDOK,104561.695361261,0,106366.358903649,0,0,48307.8750559287,0,318833.233188892,219705.985701162,0,6112.13716199095,0,0,0,0,0,290951.968178835,0,0,0,0,2994.44848561107,0,0,0,0,0,0,0,0,0,0,0,PARK
BISHAN EAST,BISHAN,0,0,94170.9770698119,2568.38040645511,0,83584.1082043415,0,65521.4946979793,319104.940286356,0,107063.30767953,0,356617.048580638,2991.26818109378,0,0,542156.528981626,62332.1027347413,19937.8325735042,7272.68962274419,66251.057820062,7667.08317978129,0,0,51306.2646581666,0,5916.17718859432,0,0,0,0,0,0,RESIDENTIAL
MARYMOUNT,BISHAN,0,0,272063.82169561,1389.40685535341,0,49498.4164666131,0,337136.678410536,355163.798490077,0,0,0,6097.61579460023,0,0,102548.800110165,750291.517063599,0,37253.5321037637,0,5714.15336659264,5810.33427410545,1936.65428991299,0,6858.69096970005,0,32381.141718603,0,0,0,0,0,0,RESIDENTIAL
UPPER THOMSON,BISHAN,0,51058.0771569025,96213.9569374548,14083.355046723,0,67253.5918271964,0,240563.793008401,717644.971834236,0,47630.9470062194,0,11816.2468497198,4013.87760018669,0,223418.337010385,2120407.3073535,0.0104184704386468,11472.5624786627,0,89873.2741337366,22394.5349497334,24205.3557293623,0,13729.9498963883,0,93726.7460511373,0,0,0,0,0,0,RESIDENTIAL
LIU FANG,BOON LAY,0,1377041.08700123,0,143061.699121265,0,47211.2015125817,0,355607.092342004,387502.793187552,0,0,0,14379.1494712426,0,0,0,0,14106.4652501313,0,0,0,0,0,0,0,0,0,0,0,0,0,0,0,BUSINESS 2
SAMULUN,BOON LAY,0,1757924.36503989,0,0,0,30667.9269204126,0,0,151174.272500682,0,0,0,1641.97475802875,0,0,0,0,0,0,0,0,0,0,0,0,0,0,0,0,0,0,0,0,BUSINESS 2
SHIPYARD,BOON LAY,0,1937049.76991197,0,7565.26893138293,0,7939.97950847147,0,0,164361.744502071,0,1857.44900108191,0,2409.64040040403,0,0,0,0,0,0,0,0,0,0,0,0,0,0,0,0,0,0,0,0,BUSINESS 2
TUKANG,BOON LAY,0,1414263.22275785,0,8739.17663028038,0,30340.824479175,0,0,412697.011521139,0,1720.03264794485,0,0,0,0,0,0,0,0,0,11040.0521633219,2505.50066537039,0,0,0,0,0,0,0,0,0,0,0,BUSINESS 2
BRICKWORKS,BUKIT BATOK,0,0,154900.841103457,0,0,0,0,84424.8588627642,242003.279439451,0,0,0,2237.12490465309,2790.45156057953,0,0,655024.552760764,0,14697.2096510359,0,0,0,6054.75757243473,0,60010.3329939276,0,9513.34054739681,0,0,0,0,0,0,RESIDENTIAL
BUKIT BATOK CENTRAL,BUKIT BATOK,0,0,53402.0652878243,0,0,2349.03426972978,0,42341.5998180413,122534.047360407,0,48261.0467386863,0,0,4112.6406337678,0,0,474273.921409447,0,0,4908.5883030642,6950.23399440103,14202.275240741,5880.65725417259,0,19083.4403049032,0,1998.98314337554,0,0,0,0,0,0,RESIDENTIAL
BUKIT BATOK EAST,BUKIT BATOK,0,0,0,0,0,15526.58747268,0,22268.2265490122,61181.4048462427,0,0,0,3761.03830440233,0,0,0,204059.469645448,0,45303.5096116807,0,18244.7511267224,330.030950784452,3223.39851697271,0,0,0,6303.38574516233,0,0,0,0,0,0,RESIDENTIAL
BUKIT BATOK SOUTH,BUKIT BATOK,0,58101.8497031588,21704.5172195142,22984.0254972314,0,23351.2939715341,0,60101.9616592668,313293.199637301,0,0,0,65194.9509593227,0,0,338018.957005962,269506.209482627,17748.8410303674,0,0,23529.3036118818,8655.54351292138,0,10762.6242330734,570726.918993493,0,2700.6889161204,0,0,0,0,0,0,RESERVE SITE
BUKIT BATOK WEST,BUKIT BATOK,0,0,34504.6929101592,0,0,7697.49090123535,0,19954.3431710865,116224.9684353,0,0,0,0,7821.84896775109,0,0,231432.510388725,0,34995.5792760131,4402.80177749787,0,6628.57674975194,4602.85697334496,0,52007.7750549753,0,7198.22146021694,0,0,0,0,0,0,RESIDENTIAL
GOMBAK,BUKIT BATOK,0,0,0,16187.1858974427,1585101.32125066,24927.4808938455,0,266974.957160123,155774.801541795,0,0,0,0,929.433923906722,0,0,338663.768371943,2.87522811681989,26784.3314949114,0,12378.3692062738,17000.9926078751,0,0,8715.52968337455,0,2811.96625153158,0,0,0,0,0,0,SPECIAL USE
GUILIN,BUKIT BATOK,0,0,36570.0546678691,25558.7980982785,4.94336883957785e-06,46520.0758874195,0,527103.944498774,95540.298223839,0,0,0,0,2440.46787106065,0,0,258291.348423591,68592.8184670537,0,6596.76037422662,0,5962.75595954272,0,0,3584.44177697337,0,8318.31892320637,0,0,0,0,0,0,PARK
HILLVIEW,BUKIT BATOK,0,0,17927.5974865063,26255.7669782798,12.9225582865626,20305.3126537318,0,556584.532450422,262829.363218929,0,1260.39917690947,0,0,0,0,0,1017100.76712085,0,14309.3861529842,0,12211.7861869645,363.692238531853,0,0,64472.0907150966,0,0,0,0,0,0,0,0,RESIDENTIAL
HONG KAH NORTH,BUKIT BATOK,0,0,89016.6994717494,0,0,26242.9610069487,0,270.172138929791,115406.926946815,0,0,0,2003.96262398928,0,0,0,510291.470159771,19295.197770324,36835.7268859975,0,11210.837602422,25424.4880474433,4439.32739484146,0,13938.1740321624,0,4803.18106522006,0,0,0,0,0,0,RESIDENTIAL
ALEXANDRA HILL,BUKIT MERAH,0,0,41082.8098462348,0,0,0,0,61923.9295778848,212383.90238721,0,6732.43980869116,0,26347.8667360413,1990.94175312895,0,369048.124517055,198885.848760277,0,47451.7413774968,0,15457.2371256538,20763.9651239783,11833.0116475246,0,5419.61730354911,0,2347.89958279996,0,8709.44225518993,0,0,0,0,BUSINESS 1
ALEXANDRA NORTH,BUKIT MERAH,0,0,41544.9489018094,0,0,29627.9197712959,0,8568.44181162592,57419.5928465115,0,0,0,0,0,0,0,132043.010382124,0,0,0,16250.9991524016,5744.98200876542,0,0,0,0,2495.14919277602,0,0,0,0,0,0,RESIDENTIAL
BUKIT HO SWEE,BUKIT MERAH,0,0,38843.2355233077,2720.5576862861,0,17183.6565434776,0,2114.4746548327,117414.09562223,0,0,0,3573.00253339264,0,0,17062.6522289929,290877.219338824,0,1601.63034135574,0,11200.6729531347,971.723682593616,9701.36698898313,0,2214.96841586412,0,1714.99042901175,0,34535.3836219162,0,0,0,0,RESIDENTIAL
BUKIT MERAH,BUKIT MERAH,0,0,0,0,0,0,0,36140.9021957727,105383.550130692,0,32266.1801948157,0,23524.1774057962,2800.09678514734,0,136467.065190059,10801.8694891663,18503.4898611114,33253.4032686724,0,12582.0957341662,0,0,0,0,0,0,0,0,0,0,0,0,BUSINESS 1
CITY TERMINALS,BUKIT MERAH,0,0,0,7984.8164099288,0,3367.77965393879,0,11841.8718496957,171226.4304478,0,21842.5960320996,0,0,0,0,14330.6682678002,189283.691593754,0,0,0,126514.776410714,636.10770804565,0,0,2904538.82486102,0,0,0,0,0,0,0,0,RESERVE SITE
DEPOT ROAD,BUKIT MERAH,0,0,17401.7318533287,0,0,0,0,195.917581508368,105769.818052502,0,10937.8328542412,0,7963.0066399359,0,0,67614.1802607295,220939.346331735,0,0,0,7.83476921778035e-05,2898.1570371582,0,0,0,0,8577.51850620007,0,0,0,0,0,0,RESIDENTIAL
EVERTON PARK,BUKIT MERAH,0,0,17720.0476922556,1450.18035125927,0,0,0,55755.6773739641,141628.726622278,0,55552.3262499177,0,0,0,0,0,316669.770035695,0,0,0,28754.4000222837,387.851370881288,9547.25136964488,0,8237.81850118854,0,0,0,0,0,0,0,0,RESIDENTIAL
HENDERSON HILL,BUKIT MERAH,0,0,39223.3150665495,495.105672261906,0,1950.17872318493,0,30163.4479893829,114358.716945736,0,0,0,4737.47913849437,0,0,0,242867.620898918,31911.5635278147,21182.5591865023,0,8241.40039984857,0,0,0,92882.0069572209,0,7233.3178209885,0,0,0,0,0,0,RESIDENTIAL
KAMPONG TIONG BAHRU,BUKIT MERAH,0,0,0,4623.58814441283,0,0,0,27528.8534005151,97812.3916626933,0,0,0,0,3654.0670018106,0,12184.115725341,193286.193572168,0,6898.01389680665,0,0,0,10848.5800748365,0,0,0,8497.62272754656,0,0,0,0,0,0,RESIDENTIAL
MARITIME SQUARE,BUKIT MERAH,0,0,0,0,0,66085.9272928806,7108.13695933383,983142.706325815,336472.581615319,0,182635.403982552,0,3038.50084203524,6551.77524181203,0,0,845041.824648688,14022.6683560309,1338.41403053336,0,17826.0366178545,13270.879138629,0,0,204586.386630714,0,15419.9713294264,0,2113.81025803949,0,0,0,0,PARK
REDHILL,BUKIT MERAH,0,0,41329.5183984038,1935.23638352054,0,6611.76031775724,0,4529.79340786947,80324.6158101977,0,0,0,5448.52271211157,0,0,0,207896.313857235,0,20718.5902223753,4501.19409313373,0,3611.18988375431,8398.62801694024,0,1.40751573318305,0,2304.8137186466,0,0,0,0,0,0,RESIDENTIAL
SINGAPORE GENERAL HOSPITAL,BUKIT MERAH,0,0,23024.4731220394,4133.28967676843,0,0,0,0,159629.90725159,0,20754.7381403764,0,0,246559.152829764,0,0,0,0,0,0,0,0,0,0,29956.5925706004,0,0,0,0,0,0,48954.9412559564,0,HEALTH & MEDICAL CARE
TELOK BLANGAH DRIVE,BUKIT MERAH,0,0,14124.2602790743,85307.2981190066,0,0,0,406749.258289197,180852.210596294,0,0.0130455817983026,0,1724.72375475392,0,0,0,376509.868024086,0,25938.1481128542,0,80683.1449692879,5972.49262229394,4039.60586843131,0,268176.133883465,0,4955.80509099996,0,0,0,0,0,0,PARK
TELOK BLANGAH RISE,BUKIT MERAH,0,0,42554.4057886907,1747.00767880794,0,0,0,20186.4823659416,112455.347071583,0,0,0,0,3376.68876076347,0,0,271985.91413306,0,12984.7244982111,0,18989.1322710692,8721.57059230196,3661.96063942237,0,22897.6937549904,0,13901.5231252588,0,0,0,0,0,0,RESIDENTIAL
TELOK BLANGAH WAY,BUKIT MERAH,0,0,36212.1141348908,4829.68778886903,0,0,0,0,62052.1809701634,0,0,0,0,0,0,0,157582.286652982,0,7840.51596502004,0,3988.04604223544,0,4321.98092296906,0,0,0,0,0,0,0,0,0,0,RESIDENTIAL
TIONG BAHRU,BUKIT MERAH,0,0,0,4960.06656307726,0,3653.32577579334,0,8033.73759233781,126272.785687785,0,8592.31657731833,0,0,0,0,0,250167.07448378,0,0,0,10835.9643123993,574.309932906321,22680.1074035246,0,0,0,1613.71535204039,0,10744.1454294847,0,0,0,0,RESIDENTIAL
TIONG BAHRU STATION,BUKIT MERAH,0,0,16919.7367520958,0,0,0,0,0,73660.9187630324,0,18309.9312690916,0,0,0,0,0,234146.179006874,0,3790.48587510412,0,0,1655.1427928677,1329.72085330796,0,0,0,975.446122536002,0,0,0,0,0,0,RESIDENTIAL
BANGKIT,BUKIT PANJANG,0,0,43985.9671076012,0,0,12456.5290684962,0,152910.498196853,129111.162170707,0,3231.66421725308,1845.99344116528,0,0,0,0,369786.639608536,0,30420.2714822194,0,0,6792.92074052356,0,0,5988.77450732522,0,6652.98477616513,0,0,0,0,0,0,RESIDENTIAL
DAIRY FARM,BUKIT PANJANG,0,0,153955.440773138,5394.07459060876,0,32802.838402613,0,103207.769678087,221556.339414816,0,0,0,2031.39888350359,0,0,0,641417.995403814,0,0,0,8285.1441449985,19173.0832220596,19654.3331096567,0,2969.20072441878,0,25454.0551116483,0,0,0,0,0,0,RESIDENTIAL
FAJAR,BUKIT PANJANG,0,0,21911.8207393955,10293.984825124,0,15219.5702626388,0,67484.1009669709,95982.6874066624,0,0,769.168789292744,6814.66424723248,0,0,0,405005.725566339,0,12888.6208708603,0,4217.78083898222,3211.11140339575,0,0,20445.9572630086,0,4209.22913690698,0,0,0,0,0,0,RESIDENTIAL
JELEBU,BUKIT PANJANG,0,0,36788.6082619417,401.536304004729,0,33911.2917014456,0,20460.8026798462,153273.712064549,0,11499.0832220237,2258.09362101965,0,0,0,0,608872.676079348,0,18954.5680814767,0,3986.74398501276,14790.0488739964,0,0,3041.81396897271,0,2969.30546497508,0,0,0,0,0,0,RESIDENTIAL
NATURE RESERVE,BUKIT PANJANG,0,0,17073.1339870207,162975.039788629,0,0,0,142602.010030032,267291.724925625,0,0,0,0,0,0,0,439265.2073183,30286.0579280971,0,0,7217.33497712752,2253335.10281946,0,0,815897.315439651,0,5379.2406360201,0,0,0,0,0,0,OPEN SPACE
SAUJANA,BUKIT PANJANG,0,0,55645.2402531588,1684.06747617747,0,43934.3243023393,0,56708.0451238374,125680.968864675,0,0,1827.8080644312,0,3953.08375688351,0,0,347423.317308009,11478.9182637739,12466.0091197172,0,0,11189.9874373239,0,0,0,0,3000.22287189857,0,0,0,0,0,0,RESIDENTIAL
SENJA,BUKIT PANJANG,0,0,41988.4556815533,4796.29826162244,0,12579.1614672092,0,30133.5179493544,200298.755802977,0,3915.9926996154,745.321317314412,0,7481.17322264738,0,0,311177.949277588,0,0,0,0,5871.01723735541,0,0,1651.15522150749,0,4238.70650264535,0,0,0,0,0,0,RESIDENTIAL
ANAK BUKIT,BUKIT TIMAH,0,0,452951.041556491,4429.50116911149,226495.046171325,1.53879340803677e-07,0,30131.3274896009,606111.990299648,0,23006.4850501121,0,7058.18768544339,0,0,0,1214159.29130434,0,87660.8405060776,0,17228.7995511607,9015.32418948067,24451.8520870269,0,58752.3807246649,0,11844.5976277747,0,0,0,0,0,0,RESIDENTIAL
CORONATION ROAD,BUKIT TIMAH,0,0,277680.283582706,2946.14761396236,0,38580.3346626871,0,4717.06618739464,263070.307908756,0,4602.22683352284,0,3511.80853760785,0,0,0,806910.020282737,0,12705.5357570855,0,2065.32596972435,0,3626.50996537726,0,2817.91042241754,0,1849.69817851735,0,0,0,0,0,0,RESIDENTIAL
FARRER COURT,BUKIT TIMAH,0,0,63377.8765241,5471.9273183641,0,0,0,2085.88382967913,107450.512739202,0,3807.21106323168,0,0,0,0,0,369257.40275034,0,0,0,0,0,1431.96529985982,0,0,0,5877.72212806218,0,0,0,0,0,0,RESIDENTIAL
HILLCREST,BUKIT TIMAH,0,0,188699.69259565,4702.67522080216,0,19287.0852121515,0,28244.2249773934,505132.035693564,0,0,0,2769.28443769694,1818.16675568192,0,0,1830421.74061091,0.00185795398942306,0,0,0,4382.91733310238,8182.42848095575,0,36200.5271274352,0,6642.46465141763,0,0,0,0,0,0,RESIDENTIAL
HOLLAND ROAD,BUKIT TIMAH,0,0,48009.4971220514,2715.93481007568,0,57491.419229054,0,310167.133859856,462938.2341805,0,0,0,0,0,0,0,2471141.39762872,0,9019.59431106974,0,13634.5413600029,6615.9707603775,5509.32733011977,0,0,0,0,0,0,0,0,0,0,RESIDENTIAL
LEEDON PARK,BUKIT TIMAH,0,0,29145.4690963066,1872.24646973015,0,4332.83961234239,0,3572.8283041252,334046.945733243,0,2002.59743198055,0,1110.60075326577,0,0,0,1658292.86189961,0,0,0,0,274.13691875784,0,0,0,0,3861.90465781788,0,0,0,0,0,0,RESIDENTIAL
SWISS CLUB,BUKIT TIMAH,0,0,31628.1807141676,51194.7535165124,0,20527.4457272181,0,25073.5357283161,475039.447821438,0,13086.7488450997,0,2689.40129281007,0,0,0,2712900.59823011,89458.7924567521,0,0,30025.2440936568,7540.29609066304,5813.91618904007,0,3527.85390621377,0,0,0,0,0,0,0,0,RESIDENTIAL
ULU PANDAN,BUKIT TIMAH,0,0,18940.4923632155,2163.43876068,0,42754.4944010742,0,37518.3929228508,221053.765993228,0,0,0,0,0,0,0,864327.210539216,0,6069.13098826402,0,0,21142.9352668341,9407.0429186306,0,3683.92106197829,0,0,0,0,0,0,0,0,RESIDENTIAL
CENTRAL WATER CATCHMENT,CENTRAL WATER CATCHMENT,0,0,0,75312.1427351153,180175.597496402,7932274.8971349,0,1241586.91021414,668979.919975973,0,0,0,0,0,0,0,0.137962008664252,3565811.18829711,0,0,0.0394239073678447,23494547.5727958,0,0,0,0,0,0,0,0,0,0,0,OPEN SPACE
CHANGI AIRPORT,CHANGI,52166.8095398918,225672.727897123,28303.7942810863,615236.101855845,6410107.90823844,256353.552838724,23260153.6074689,344990.753083197,1503364.77613047,0,55312.3574871042,0,589098.078263978,0,0,0,0,0,0,0,0,31658.5907230415,0,0,2296811.08023193,0,0,0,0,0,0,0,0,PORT / AIRPORT
CHANGI POINT,CHANGI,57338.7921487766,0,0,0,0.00253598561886746,48735.0423010295,34411.5530810244,54259.0290393277,85112.3743896574,0,0,0,0,0,0,0,119286.522236191,466951.162120669,48159.299777441,0,0,0,0,0,34843.1198659157,0,0,0,48840.6206276569,0,0,0,0,SPORTS & RECREATION
CHANGI WEST,CHANGI,2.07088662713653e-11,1143418.13472385,44.2040729370214,37207.4224059707,1716165.89451771,95381.9232901344,125447.17937725,0,435995.075860304,0,0,0,0,0,0,0,24208.531633931,132805.789932859,0,0,488229.504024987,0,0,0,605027.403905292,0,0,0,0.287603459818916,0,0,0,0,SPECIAL USE
CHANGI BAY,CHANGI BAY,0,0,0,690.199418020483,1108625.40111612,0,8187.50125456611,32408.9101378167,143922.935483303,0,0,0,0,0,0,0,0,0,0,0,0,14966.2972574484,0,0,663806.475746953,0,0,0,0,0,0,0,0,SPECIAL USE
CHOA CHU KANG CENTRAL,CHOA CHU KANG,0,0,48446.1808833766,1509.23142593994,287215.908442962,0.136433586648186,0,99097.0379865508,204200.27862438,0,17622.9528789361,692.523081292152,6839.00683021918,0,0,0,356284.637929914,14018.3106228638,0,13381.2822339186,4835.45982632847,13465.5868787338,0,0,25578.5142268715,0,2500.90843873727,0,0,0,0,0,0,RESIDENTIAL
CHOA CHU KANG NORTH,CHOA CHU KANG,0,0,83271.7901090434,5864.34153195523,0,16759.1818258791,0,61927.7100390447,233749.17135359,0,14509.4784703586,0,2063.23352339503,2204.85137055149,0,0,578853.011065025,54405.8948460279,0,0,4144.97139711997,15875.3271606218,0,0,5055.91962809537,0,9953.1086260813,0,0,0,0,0,0,RESIDENTIAL
KEAT HONG,CHOA CHU KANG,0,0,138497.489029997,172.146333011356,0,4996.76522269302,0,39968.5609429247,190487.994034099,0,16631.6428729921,0,1996.60045031068,63046.5336710665,0,0,656285.494898817,0,0,0,10111.8320506625,5149.86027618093,2165.61626231907,0,0,0,14303.1226535004,0,0,0,0,0,0,RESIDENTIAL
PENG SIANG,CHOA CHU KANG,0,0,71813.2088816424,8078.80357323956,0,32698.3412123157,0,23572.2961227016,192930.586707882,0,11336.4155603925,0,1755.87688843064,6509.57883304514,0,0,496286.705139416,0,0,0,0,8361.90218801054,0,0,9393.37349889059,0,0,0,0,0,0,0,0,RESIDENTIAL
TECK WHYE,CHOA CHU KANG,0,0,101086.012775633,3688.05137809732,7.24004044351601,53548.2702579199,0,9374.39154688259,152207.754502748,0,0,3007.23801751876,0,6150.37282215002,0,0,593851.568878192,0,54849.4274064192,0,4016.83127284895,2151.92896637179,4177.20283602835,0,8942.73854882104,0,6143.58802552327,0,0,0,0,0,0,RESIDENTIAL
YEW TEE,CHOA CHU KANG,0,0,54384.180258564,0,0,55863.4880074856,0,38596.1537917261,124167.636914175,0,7269.84338716914,0,0,0,0,0,602890.839180103,0,8499.9869106502,10203.5319581161,0,14161.2206370876,0,0,0,7177.86702828725,2.45722634135102e-07,0,0,0,0,0,0,RESIDENTIAL
CLEMENTI CENTRAL,CLEMENTI,0,0,37187.5203202392,8616.02733535551,0,4253.26452446459,0,7897.84951406865,196856.56756584,0,3787.64964580495,0,0,3752.0282670685,0,0,296520.513727722,79309.1072083979,91842.2728005386,1535.90708620115,0,7078.83474503801,2285.01343234422,0,6201.05147397484,0,2075.28909012639,0,0,0,0,0,0,RESIDENTIAL
CLEMENTI NORTH,CLEMENTI,0,0,13510.4996571405,0,0,62569.3736222512,0,23960.4115581498,160814.948670987,0,0,0,1597.87199073009,2456.19447452289,0,0,657955.677054743,0,35585.328446748,1348.94901155205,17023.8075685938,3173.57287367582,0,0,0,0,11060.6310346854,0,0,0,0,0,0,RESIDENTIAL
CLEMENTI WEST,CLEMENTI,0,0,67936.3907850798,7259.75100997171,0,16916.5376427893,0,9178.33690410223,133409.001516836,0,0,0,2259.2683091301,3987.81711413391,0,0,379053.901367901,0,34857.0908387546,0,4309.50424254124,18013.3299995473,0,0,14748.3252096306,0,5572.46364041015,0,0,0,0,0,0,RESIDENTIAL
CLEMENTI WOODS,CLEMENTI,0,0,126143.672373318,1218.01562560358,0,12305.8330861046,0,141013.311995842,204209.13988791,0,0,0,0,0,0,0,498018.115509286,0,16580.5857084337,0,0,29904.0520351929,0,0,19519.8411931809,0,9083.86295387696,0,0,0,0,0,0,RESIDENTIAL
FABER,CLEMENTI,0,0,19050.0701560125,4731.45363060836,0,110814.265425741,0,27788.4564118274,205273.597499824,0,0,0,0,0,0,0,404840.609582986,0,0,0,0,78.8170522771866,0,0,175581.637759369,0,0,0,0,0,0,0,0,RESIDENTIAL
PANDAN,CLEMENTI,0,908708.78508674,0,4710.09964284137,0,250154.121317806,0,0,147263.90667993,0,0,0,2085.77803655293,0,0,0,0,0,0,0,0,0,0,0,0,0,0,0,0,0,0,0,0,BUSINESS 2
SUNSET WAY,CLEMENTI,0,0,0,504.542554350743,0.00616352393095466,52454.7467710932,0,27455.3274478021,116372.381160175,0,0,0,0,0,0,0,694568.960542794,0,23692.6538074597,0,0,0,0,0,48875.9869302923,0,0,0,0,0,0,0,0,RESIDENTIAL
TOH TUCK,CLEMENTI,0,572267.419376301,0,28492.4346453015,173545.983610941,85071.9330979637,0,0,257164.352266515,0,0,0,400058.291511941,0,0,72698.5835171135,0,0,0,0,26765.9342878462,0,0,0,461903.89897367,0,0,0,0,0,0,0,0,BUSINESS 2
WEST COAST,CLEMENTI,0,0,60882.2406320191,1411.5751017534,0,30453.1053045401,0,23937.2549706501,176105.438067599,0,0,0,0,0,0,0,400845.216964206,0,0.00562087172142255,0,0,3796.84368999301,17824.6730349735,0,3413.80133397683,0,3918.50801502208,0,0,0,0,0,0,RESIDENTIAL
ANSON,DOWNTOWN CORE,0,0,0,0,0,0,0,0,46174.9933507474,0,38685.4545672266,0,0,0,0,0,0,0,0,0,0,0,7356.18594742823,0,4.0069232044023e-06,0,0,0,11021.8468385875,0,0,0,0,ROAD
BAYFRONT SUBZONE,DOWNTOWN CORE,0,0,0,5059.59928001562,0,178124.268103497,0,0,91735.1180299225,0,0,0,0,0,0,0,0,0,0,0,6087.96359700147,50845.9129535205,0,0,0,189347.660020745,0,0,0,0,0,0,0,WHITE
BUGIS,DOWNTOWN CORE,0,0,0,0,0,0,0,0,104315.562191569,0,53539.2979284071,0,0,8058.60073663527,0,0,0,0,50987.6578075427,0,11572.0242600198,2143.25895006472,21405.7327262597,0,0,26680.304780075,0,0,1472.32799053428,0,0,0,0,ROAD
CECIL,DOWNTOWN CORE,0,0,0,0,0,0,0,0,79148.9042995235,0,86347.6231222267,0,0,0,0,0,0,0,6062.18828242468,0,13446.2572690166,1780.01895211782,7455.01684553379,0,0,0,519.919939569421,0,1859.92730121532,0,0,0,0,COMMERCIAL
CENTRAL SUBZONE,DOWNTOWN CORE,0,0,0,0,0,32905.2790073754,0,71636.327161529,331925.239457797,0,0,0,0,0,0,0,0,0,0,0,8616.93825397146,23928.8384540195,0,0,255494.355755753,346216.131068723,0,0,0,0,0,0,0,WHITE
CITY HALL,DOWNTOWN CORE,0,0,0,7787.82198417752,0,36078.0289952066,0,78988.9852285054,184463.825765486,0,163422.798719778,0,0,0,0,0,0,9183.00307216262,0,0,67489.8322173394,77303.9581559774,0,0,0,0,5168.96574756994,0,80681.4830627718,0,0,0,0,ROAD
CLIFFORD PIER,DOWNTOWN CORE,0,0,0,0,0,174135.166513838,0,833.454782881811,31119.7712957129,0,16478.483017111,0,0,0,0,0,0,0,0,0,0,16790.6833237624,0,0,0,3676.68900458627,0,0,18809.6468796992,0,0,0,0,WATERBODY
MARINA CENTRE,DOWNTOWN CORE,0,0,0,0,0,64708.2309948794,0,54861.7576149078,274304.74944068,0,149494.073854343,0,0,0,0,0,0,0,0,0,42868.5660112604,30968.6013843505,0,0,88548.2749874321,8770.62442692112,0,0,172429.929056459,0,0,0,0,ROAD
MAXWELL,DOWNTOWN CORE,0,0,0,1556.98548417996,0,0,0,0.000390004762664635,17403.4825032937,0,36243.5818009547,0,0,0,0,0,0,0,0,0,0,0,8460.91555015377,0,0,0,0.000544284865363734,0,0,0,0,0,0,COMMERCIAL
NICOLL,DOWNTOWN CORE,0,0,0,6116.79125927089,0,139398.236356709,0,63627.154035353,175287.427286109,0,60674.3199966798,0,1315.95825508621,0,0,0,0,0,0,0,5911.77829998758,0,0,0,154211.979635409,0,0,0,8379.95659685378,0,0,0,0,ROAD
PHILLIP,DOWNTOWN CORE,0,0,0,4187.85810770737,0,0,0,0,15940.1263258337,0,16468.5106108268,0,0,0,0,0,0,0,0,0,0,1392.19214807916,0,0,0,0,1449.24807081387,0,0,0,0,0,0,COMMERCIAL
RAFFLES PLACE,DOWNTOWN CORE,0,0,0,0,0,9775.83545616307,0,12091.665132774,59487.2820263066,0,99274.5596086958,0,0,0,0,0,0,0,0,0,0,5062.73198088019,0,0,0,3075.41629806015,0,0,0,0,0,0,0,COMMERCIAL
TANJONG PAGAR,DOWNTOWN CORE,0,0,0,2139.85321278493,0,0,0,5865.93478039436,47663.3956366211,0,53517.2515904266,0,0,0,0,0,0,0,0,0,0,0,21309.589920161,0,0,15022.6392492989,0,0,0,0,0,0,0,COMMERCIAL
ALJUNIED,GEYLANG,0,0,173186.863969779,16012.2162405154,0,54930.0476714249,0,14042.3081886402,714105.82235413,0,120034.789008886,0,9926.89456689575,19188.8737456921,136058.726316199,200964.826777191,981950.839268416,36237.2560452243,9328.75603423014,6734.07084187698,24131.3068108932,19840.5273506455,29390.2311244382,0,96065.183178405,0,20056.3308821067,0,957.821171999532,278322.225336199,0,0,0,RESIDENTIAL
GEYLANG EAST,GEYLANG,0,0,62157.1494924757,4389.91373536135,26461.0715074899,14748.7494917621,0,33702.5676309939,580028.851665132,0,259314.952419867,0,4834.48002398322,0,0,0,1061951.73473638,0,65335.8352830974,14808.3839374724,34508.0902639325,11316.864635615,30867.7475239033,0,343114.406750864,0,21072.8611526727,0,9811.55682011702,0,0,0,0,RESIDENTIAL
KALLANG WAY,GEYLANG,0,318782.27392643,0,0,0,15928.341164532,0,1136.86744317254,241788.519447036,0,0,0,4608.52954440417,0,0,381250.133999871,0,0,0,0,0,0,0,0,0,0,0,0,0,0,0,0,0,BUSINESS 1
KAMPONG UBI,GEYLANG,0,0,40543.2828967276,34346.8326762422,0,32470.5579631396,0,8796.57525099924,410541.520274176,0,0,0,7733.37297006388,0,0,987812.839603132,267789.868946211,0,0,0,47871.7535544377,5773.78061093585,15475.6680500942,0,0,0,18845.3908203675,0,0,0,0,0,0,BUSINESS 1
MACPHERSON,GEYLANG,0,0,73975.8995111785,0,0,58581.6751259566,0,36569.1663514932,222387.232810496,0,11916.5618774944,0,3025.55636269292,3963.52822957816,0,0,809052.102282676,0,0,0,14337.1895516509,398.584304261028,16815.1538982049,0,0,0,12386.7387854097,0,0,0,0,0,0,RESIDENTIAL
DEFU INDUSTRIAL PARK,HOUGANG,0,1177079.29754468,0,3503.5311191161,0,30928.9397273229,0,7559.01278484463,472861.560417734,0,8666.07035585023,0,10017.383662504,0,0,163322.76047447,0,0,0,0,23884.425715826,0,0,0,75356.2976123178,0,952.764243938235,0,0,0,0,0,0,BUSINESS 2
HOUGANG CENTRAL,HOUGANG,0,0,0,257.032732007715,0,0,0,11969.5767575931,130085.731181317,0,24019.3865964145,0,0,3933.47164557015,0,0,204597.521069663,0,45724.5248054044,0,0,0,0,0,21146.1829086007,0,0,0,0,0,0,0,0,RESIDENTIAL
HOUGANG EAST,HOUGANG,0,0,77958.9117432326,0,0,111441.85479398,0,105070.381808068,132925.895775658,0,0,0,0,0,0,0,382460.641433586,0,0,0,12385.5001284871,5151.13685591463,1151.69532100034,0,5184.65041985666,0,8936.95893890504,0,0,0,0,0,0,RESIDENTIAL
HOUGANG WEST,HOUGANG,0,0,108426.686826242,0,0,37159.9000493257,0,65286.971750381,204079.86339397,0,0,0,2348.5535742592,9797.48893412987,0,0,759945.291874774,59502.3971364956,0,0,23301.8019727057,16284.7673298765,21675.6545881912,0,21066.820811832,0,0,0,0,0,0,0,0,RESIDENTIAL
KANGKAR,HOUGANG,0,0,35418.2597811763,8491.82541333451,0,111955.254520276,0,23314.6043948164,158683.670391534,0,0,0,0,3920.42635167823,0,0,604193.850752871,0,17818.8552755622,0,4088.94620407161,14098.6561107455,9032.99497126476,0,3052.59390174947,0,13340.0638732913,0,0,0,0,0,0,RESIDENTIAL
KOVAN,HOUGANG,0,0,57439.7849731012,1828.72301789585,0,6081.91324134868,0,25598.2409970877,427757.020636656,0,0,0,5785.22241944038,8938.84050647302,0,0,1263456.00303303,0,22451.0498181514,0,34515.0497240284,0,4512.69621103561,0,58566.3614098542,0,31682.2354578885,0,0,0,0,0,0,RESIDENTIAL
LORONG AH SOO,HOUGANG,0,0,37701.664582119,9047.56127442834,0,19415.9228164021,0,64416.7188109896,292467.849960787,0,3461.88270332891,0,1338.09380545125,0,0,0,915637.831491734,0,92433.3635860678,0,10778.0259095139,3588.16723377368,26891.2747454661,0,22556.6883106191,0,15798.8225024038,0,0,0,0,0,0,RESIDENTIAL
LORONG HALUS,HOUGANG,0,899069.313019743,0,3862.511297572,0,123096.840829247,0,76453.5745978708,231049.171342583,0,0,0,0,0,0,0,0,0,0,0,0,0,0,0,0,0,0,0,0,0,0,0,0,BUSINESS 2
TAI SENG,HOUGANG,0,331940.98635048,92234.3756622412,35321.9734306484,0,25826.0814476438,0,32916.890117831,417164.767566949,0,0,0,100979.590372541,9060.01811600039,0,62896.6357816288,527251.013048222,0,12737.127506506,0,0,0,1352.49610179858,0,29239.50930501,0,17171.2993368706,42974.4391598697,0,0,0,57088.522570302,0,RESIDENTIAL
TRAFALGAR,HOUGANG,0,0,95715.7931532378,9055.45664257629,0,22712.242017279,0,37908.6667068655,357985.823294297,0,0,0,1289.42077672947,262411.734957139,0,0,823006.253051973,0,60609.0611280673,0,44483.0384385718,17509.9806410995,0,0,9694.69622118753,0,2005.22967501659,0,0,0,0,0,0,RESIDENTIAL
INTERNATIONAL BUSINESS PARK,JURONG EAST,0,0,0,5246.88416448127,0,29468.091861942,0,9182.32186175115,130699.86966305,0,0,0,0,0,0,0,0,0,0,0,0,0,0,0,0,0,0,0,0,0,69987.675429821,240437.464024122,0,BUSINESS PARK
JURONG GATEWAY,JURONG EAST,0,0,0,0,0,0,0,10898.4971016974,184140.572196964,56357.6972798613,42955.5289250723,0,0,54031.8963801217,0,0,12995.9659367651,0,55941.2428658561,23312.9002498951,0,7262.35476277968,0,0,8893.00397717438,98268.0608442042,0,0,0,0,0,0,0,ROAD
JURONG PORT,JURONG EAST,0,609616.42239216,0,104914.981487254,0,218386.011210412,1272657.78005446,0,259051.48575908,0,0,0,0,0,0,0,0,0,0,234.90634923083,0,0,0,0,0,0,0,0,0,0,0,0,0,PORT / AIRPORT
JURONG RIVER,JURONG EAST,0,1056339.63063251,0,9652.76859903363,0,396353.362791145,0,0,391066.252669357,0,0,0,0,0,0,0,379927.580548911,27806.2543519903,0,0,97305.5811073353,0,0,0,226979.77393019,0,0,0,0,0,0,0,0,BUSINESS 2
LAKESIDE (BUSINESS),JURONG EAST,0,0,0,1738.13229941923,0,0.210840678300827,0,10951.0077784981,126496.752983142,0,0,0,0,0,0,0,0,4.77906812931919e-10,0,3743.16070645571,0,0,0,0,0,999622.44765586,0,0,9030.01135485534,0,0,0,0,WHITE
LAKESIDE (LEISURE),JURONG EAST,0,0,0,8038.43881701292,0,623414.017374509,0,877409.759274872,130547.14287071,0,0,0,0,17276.620644489,0,0,147248.392454025,177446.963560371,0,8240.65672150091,0,0,0,0,0,1.4835832638854,0,0,0,0,0,0,0,PARK
PENJURU CRESCENT,JURONG EAST,0,2451193.56489723,0,14750.9227426577,0,274165.190833185,11848.792355891,0,299034.07041868,0,0,0,0,0,0,0,0,0,0,0,0,0,0,0,0,0,0,0,0,0,0,0,0,BUSINESS 2
TEBAN GARDENS,JURONG EAST,0,0,43077.7569683278,6143.70795558596,0,1922074.38565433,0,275391.241213316,313368.392025856,0,0,0,0,0,0,133258.401558956,390002.419434623,0,25538.7375923522,765.029407027647,5766.14898609685,43429.3508838322,3669.40555509843,0,11211.2110469664,0,13887.8822482974,0,0,0,0,0,0,WATERBODY
TOH GUAN,JURONG EAST,0,0,0,9867.00594023671,0,48997.7129079257,0,22756.7723576109,167043.444811528,0,0,0,0,0.00270795692962497,0,151875.79154754,276044.804461258,23176.5522427494,0,0,9496.25823510957,974.547001685717,552.894873177573,0,36096.4870654977,0,0,0,0,0,0,0,0,RESIDENTIAL
YUHUA EAST,JURONG EAST,0,0,75257.5359598826,4375.49634296047,0,3807.19819432498,0,29403.762547411,196397.627920843,0,0,0,1795.97748131671,1940.45008782568,0,0,507119.801646779,0,44832.652949627,0,4297.47118885772,20415.6137752471,11638.2110608736,0,13195.7429237699,0,10632.9637872145,0,0,0,0,0,0,RESIDENTIAL
YUHUA WEST,JURONG EAST,0,0,42741.7286813769,6349.68211362174,0,3674.34343320227,0,17891.5340758866,161501.581346627,0,0,0,1724.43771389737,15179.7946727976,0,0,426225.713621034,41030.382236253,43092.3395027875,0,3771.0042040338,4376.24331022996,3946.30834996033,0,0,0,4637.39830196801,0,0,0,0,0,0,RESIDENTIAL
BOON LAY PLACE,JURONG WEST,0,0,66553.7367985982,1070.52464645904,0,0,0,15231.29480872,169235.444098051,0,0,0,4826.75319736429,0,0,0,537259.380160282,6993.52553852758,42008.9964944062,0,2953.4023680063,27825.6065305791,6083.80093714704,0,16773.1163760724,0,9501.69044594923,0,0,0,0,0,0,RESIDENTIAL
CHIN BEE,JURONG WEST,0,1033560.30286053,0,1519.97158314467,0,25079.7808173252,0,0,208755.991774717,0,3931.55090418178,0,0,0,0,15102.2265915645,0,0,0,0,0,0,0,0,0,0,0,0,0,0,0,0,0,BUSINESS 2
HONG KAH,JURONG WEST,0,0,238917.81382067,0,0,39672.4745487234,0,24391.3873541444,292928.425039515,0,0,0,3304.78582484307,3781.18523454122,0,0,1001227.36404918,0,87781.433795337,0,16507.4571681012,31414.3150771187,21299.3154357413,0,23159.1531973588,0,9078.31782066522,0,0,0,0,0,0,RESIDENTIAL
JURONG WEST CENTRAL,JURONG WEST,0,0,74495.6512421099,0,0,28639.1107885352,0,17074.4838681678,289323.355133446,0,21371.3117941975,0,0,2524.95821113652,0,0,855961.972460019,0,70494.9594989472,7951.54098319267,9639.24740048424,21968.5735539471,0,0,2002.62037750771,0,3088.79607620608,0,0,0,0,0,0,RESIDENTIAL
KIAN TECK,JURONG WEST,0,1224397.17545474,0,21782.5263578606,0,137251.481893527,0,79064.5399673445,399305.42662965,0,2409.19088514614,0,26646.9983190658,0,0,34139.8762466543,0,60706.9383586957,0,0,112472.334140419,0,0,0,0,0,0,0,0,0,0,0,0,BUSINESS 2
SAFTI,JURONG WEST,0,0,2.9012232823064,1073.16953897341,1410603.76861119,7155.02935466321,0,0,105715.969856278,0,0,0,0,0,0,0,0.057136513926604,0,0,0,0,0.448543159308323,0,0,0,0,0,0,0,0,0,0,0,SPECIAL USE
TAMAN JURONG,JURONG WEST,0,35380.0179369162,99917.5248961174,581.025552613129,0,26674.0193465813,0,28049.8437337933,265507.741651232,0,4879.11037566066,0,2803.36562568497,4758.08440507181,0,66335.2410662684,824498.486997277,0,58252.7550706668,8535.35397810008,3855.36308254457,15620.6634393346,1307.46624284569,0,24295.7615625523,0,13044.6316837073,0,0,0,0,0,0,RESIDENTIAL
WENYA,JURONG WEST,0,923490.015203076,40876.0729202454,13324.1907531973,0,16546.727974772,0,64994.3242287215,529735.70970783,0,0,0,0,15296.3760786367,0,0,101519.967978337,0,0,0,71605.7814470814,7587.88031831116,0,0,14117.6494764389,0,9420.00792960861,0,0,0,0,166426.910352793,0,BUSINESS 2
YUNNAN,JURONG WEST,0,0,127512.852767945,11639.3201230375,2.18671083208082,28015.4765572439,0,38682.0306099584,453803.240839849,0,13751.1680963889,0,4334.23089139283,5236.08805948623,0,0,1359015.88621261,50615.2700086686,30124.9002032895,241.739637163293,29920.9368222487,21262.5782180683,849.670536298248,0,13790.916662432,0,17506.5063142642,0,0,0,0,0,0,RESIDENTIAL
BENDEMEER,KALLANG,0,0,85673.5742033701,2418.43160044475,0,88640.8530506586,0,20814.505391619,293895.849185055,0,5335.45240741919,0,0,20037.4746179463,0,0,712287.160178884,21028.0981372638,13589.1673601993,0,13842.6032007526,27660.6271106865,43936.8446964929,0,4972.65703927091,0,22696.7434735259,0,0,0,0,0,0,RESIDENTIAL
BOON KENG,KALLANG,0,0,11522.3460345083,0,0,52164.408137664,0,15555.0370355391,85436.515457036,0,3945.10828058456,0,0,0,0,0,222263.61020497,0,0,7197.4018657832,7453.30057213954,0,4741.7390934727,0,0,0,659.536487603629,0,0,0,0,0,0,RESIDENTIAL
CRAWFORD,KALLANG,0,0,9103.77312064337,0,0,5216.96079297002,0,19515.3941611897,51149.0778873889,0,16265.5935306026,0,2621.89782640408,0,0,0,44994.6647646726,0,48736.6060448139,0,2602.6382598835,0,27326.4207540909,0,0,0,1642.54128512441,0,6821.3391684853,0,0,0,0,ROAD
GEYLANG BAHRU,KALLANG,0,0,39401.8727258231,26119.0127424941,0,57900.3642244167,0,36465.7188737145,153216.636425069,0,15221.4935289997,0,0,4460.68989386672,0,0,340865.214817706,0,0,0,4327.65692871831,0,12518.432652371,0,45005.1343563656,0,0,0,0,0,0,0,0,RESIDENTIAL
KALLANG BAHRU,KALLANG,0,0,0,4197.69897676057,0,49520.4167646254,0,12050.5685768441,170461.365564223,67919.7451671766,2633.1724448663,0,1841.06209751123,0,0,418864.17728688,37173.4496241428,0,0,0,2542.62869685387,0,0,0,70874.0248093836,0,1601.07400675447,0,0,0,0,0,0,BUSINESS 1
KAMPONG BUGIS,KALLANG,0,0,0,5972.64346923929,0,119630.063096627,0,84280.96034115,201556.955673625,0,56339.5940705881,0,0,0,0,0,34498.851538486,0,1960.94094203123,0,0,21271.4065312168,2443.77753716009,0,1574.51655903004,163811.876294253,1404.18470742815,0,47457.232947576,0,0,0,0,ROAD
KAMPONG JAVA,KALLANG,0,0,34759.7848708291,18972.2468067491,0,0,0,6191.74712415394,312709.74259941,0,5264.32769244963,0,6705.78821912311,47734.4338123382,0,0,448728.778572772,60117.3751434266,0,0,19831.241246489,6124.05120107512,44184.6359119472,0,31553.6645525871,0,9154.36046396532,0,0,0,0,0,0,RESIDENTIAL
LAVENDER,KALLANG,0,0,0,4859.71366757503,0,4437.4779808743,0,18167.2741875787,220755.274623437,0,122646.413631307,0,7724.27168710892,2119.02277051279,0,0,140771.608636233,28234.2162939357,14526.2577680139,0,51602.1644245818,0,102858.458955552,0,0,0,16167.8582161735,0,22055.8426766734,0,0,0,0,ROAD
TANJONG RHU,KALLANG,0,0,52118.8458516355,6234.73111589647,0,502079.238167379,0,85624.3232894557,456775.680962345,0,35511.2428302842,0,5390.9496053173,0,0,0,513325.436457206,538995.380649742,0,0,11464.1957640362,23483.1370303524,6053.83090289667,0,185008.562485252,0,0,0,12528.4723842317,0,0,0,0,SPORTS & RECREATION
LIM CHU KANG,LIM CHU KANG,0,0,0,1364250.31125136,0.00318096542153926,1904486.68063787,0,2374053.10411869,517967.459982007,0,0,0,9064.16830395256,0,0,0,0,756337.71069855,0,0,7177.58817122498,7029966.68484198,0,0,616018.335331238,0,0,0,0,0,0,0,2915817.298173,OPEN SPACE
MANDAI EAST,MANDAI,0,0,0,10243.6615053663,6377391.00498504,0,0,11232.341942778,262537.226724147,0,0,0,0,0,0,0,10.6101106599083,574340.208580904,0,0,0,0,0.00125251342611068,0,0,0,0,0,0,0,0,0,0,SPECIAL USE
MANDAI ESTATE,MANDAI,0,0,0,334.975016271888,0.629009499559444,0,0,1699.65974292996,33630.9276701628,0,0,0,0,0,0,0,96226.6710682527,0,0,0,0,0,11245.0789695225,0,0,0,0,0,0,0,0,0,0,RESIDENTIAL
MANDAI WEST,MANDAI,0,0,0,138607.352058271,0,879.766057310872,0,0,373879.724910842,0,0,0,335526.431015102,0,0,0,0,0,0,0,107023.660092874,3269621.55924168,0,0,162876.676041024,0,0,0,0,0,0,0,0,OPEN SPACE
MARINA EAST,MARINA EAST,0,0,0,17366.1002646436,0,387000.284292751,0,402075.680475281,80203.0986240907,0,0,0,0,0,0,0,0,0,0,0,0,4686.2504296228,0,0,952705.372437124,0,0,0,0,0,0,0,0,RESERVE SITE
MARINA SOUTH,MARINA SOUTH,0,0,0,27746.0651596148,0,317296.859527674,0,533091.971125738,219594.834662385,0,0,0,0,0,0,0,0,0,0,0,0,46337.5116036876,73348.1018019412,0,186375.537789159,226588.747682331,0,0,0,0,0,0,0,PARK
EAST COAST,MARINE PARADE,61715.2611547937,0,0,0,0,6279.39851799358,0,428670.485742808,95113.8543256953,0,0,0,0,0,0,0,0,0,0,0,0,0,0,0,0,0,0,0,0,0,0,0,0,PARK
KATONG,MARINE PARADE,0,0,66055.587146829,6534.49903403818,0,0,0,16868.0151377834,221437.766439449,0,47425.6037435085,0,3541.37077809925,4000.69047195737,0,0,628008.435463736,0,14441.3032798914,0,10017.757958092,16275.6051943122,21128.7769959837,0,5783.05341386119,0,16106.4108091692,0,1367.17310155837,0,0,0,0,RESIDENTIAL
MARINA EAST (MP),MARINE PARADE,10151.7510932199,0,0,26994.0846676934,0,0,0,311965.288066875,108716.653745462,0,0,0,0,0,0,0,0,0,0,0,0,0,0,0,1132512.00678003,0,0,0,0,0,0,0,0,RESERVE SITE
MARINE PARADE,MARINE PARADE,0,0,62281.8059713965,5230.02963409783,0,6878.4720861073,0,14276.9318618072,281878.091901234,0,90170.7105632422,0,0,1244.85347692178,0,0,602280.351539097,18629.7289383125,14135.6511461629,0,8512.97030381214,0,5755.05397998566,0,20272.9819824907,0,1485.70518319661,0,26984.1309947938,0,0,0,0,RESIDENTIAL
MOUNTBATTEN,MARINE PARADE,0,0,71338.1384808123,3317.87829394158,0,29842.2057073641,0,54133.2332465751,344124.541619039,0,0,0,1548.06197003095,0,0,0,1141823.46936763,14018.0134320718,0,0,0,21800.9881287585,17320.6278056685,0,12678.7286478682,0,0,0,0,0,0,0,0,RESIDENTIAL
BRAS BASAH,MUSEUM,0,0,45223.3199891686,774.571871848004,0,0,0,4532.97448434453,66841.2442512613,0,18063.4326724615,0,0,0,0,0,0,0,0,0,36389.8041201276,17789.9242237487,0,0,0,0,24017.0055214127,0,5175.4387908125,0,0,0,0,ROAD
DHOBY GHAUT,MUSEUM,0,0,10598.5402380239,0,0,0,0,12546.7679564259,75438.481151417,0,74165.5388943488,0,0,0,0,0,7768.21685065895,0,24764.3223079003,0,7390.67132595639,5296.9770978123,3111.46483631096,0,0,0,0.188673446834442,0,917.003571868989,0,0,0,0,ROAD
FORT CANNING,MUSEUM,0,0,6.2046147705523,29389.3421741675,0,0,0,209219.170369788,53115.5768820924,0,9364.09339789604,0,0,0,0,0,11216.0946099752,0,3210.3340703792,0,24642.6212418324,9970.15334189911,2542.18247942687,0,26513.7399056707,0,9543.69189129956,0,0,0,0,0,0,PARK
CAIRNHILL,NEWTON,0,0,0,0,0,0,0,0,101092.595346337,0,837.474952793363,0,0,15202.4602368353,0,0,290936.178355818,0,0,0,9444.57452934946,4751.98155257095,0,0,22838.2583501906,0,1590.33616828217,0,4843.79256896788,0,0,0,0,RESIDENTIAL
GOODWOOD PARK,NEWTON,0,0,0,0,0,4964.38100937937,0,0,51848.5815767773,0,0,0,0,0,0,0,97457.1634673248,0,4146.4787030248,0,3683.7330230528,0,0,0,183421.871013157,0,3215.43080829809,0,2567.60450218251,0,0,0,0,RESERVE SITE
ISTANA NEGARA,NEWTON,0,0,0,25795.6499812985,0,0,0,30294.1628849632,48719.2166257806,0,0.00775946312683011,0,0,0,0,0,1220.50505206792,0,0,0,405964.327563899,0.000592515636664455,0,0,31489.8073253406,0,0,0,0,0,0,0,0,CIVIC & COMMUNITY INSTITUTION
MONK'S HILL,NEWTON,0,0,39110.6834679563,2160.40501277408,0,0,0,0,37539.0406573931,0,0,0,2352.64362172944,0,0,0,58795.3775457005,0,0,0,0,27648.4811129842,0,0,5048.23057217502,0,0,0,0,0,0,0,0,RESIDENTIAL
NEWTON CIRCUS,NEWTON,0,0,0,0,0,1409.89020391071,0,0,65562.6261125491,0,12413.3938942742,0,0,0,0,0,9622.46728442727,0,0,0,8.38332270506566,0,15384.0916847091,0,101942.310201724,0,0,0,7175.517025068,0,0,0,0,RESERVE SITE
ORANGE GROVE,NEWTON,0,0,40124.2908875139,946.108327283038,0,0,0,0,64629.8640327137,0,933.305673798952,0,0,0,0,0,198179.095116405,28641.7581986568,1.96690658636297,0,0,0,0,0,2751.22001015831,0,0,0,13.8631909139778,0,0,0,0,RESIDENTIAL
NORTH-EASTERN ISLANDS,NORTH-EASTERN ISLANDS,0,0,0,35904.894173802,717249.205548621,792468.246806088,0,0,0,0,0,0,0,0,0,0,0,474550.815487947,0,0,0,25659816.5477535,0,0,39373698.4668365,0,0,0,0,0,0,0,196804.963874801,RESERVE SITE
BALESTIER,NOVENA,0,0,66291.1180567061,1285.62009525275,0,80562.7744715085,0,22303.9600272255,464039.578368568,0,7221.20342479336,0,11124.9746403174,35618.4640163098,0,30607.0299300486,938895.951884459,13893.4576633813,104302.819493851,0,64390.4480085023,3291.9566233963,7843.5178594996,0,25892.505022993,0,26534.7674185783,0,22521.7760002554,0,0,0,0,RESIDENTIAL
DUNEARN,NOVENA,0,0,0,581.768106999623,0,18177.4018093645,0,10526.3662491547,293892.472827505,0,4850.57873742973,0,3731.28823847601,0,0,0,821035.711338565,17846.3805966605,0,0,15567.6252650103,0,0,27597.6785476574,15514.2624329265,0,572.856653530166,0,0,0,0,0,0,RESIDENTIAL
MALCOLM,NOVENA,0,0,204345.592515892,5275.61194797709,0,15029.8638571815,0,16796.1545018066,248104.620834993,0,0,0,22370.7425975901,3913.52193821908,0,0,767890.044779414,0,0,0,4933.17770422791,0,0,30452.538160575,0,0,0,0,0,0,0,0,0,RESIDENTIAL
MOULMEIN,NOVENA,0,0,43503.032497766,19326.1142089847,0,7667.95383949239,0,12765.2348846887,342701.042429635,0,67497.2870781219,0,4338.06521595704,124293.347698821,0,0,653678.342397488,0,1468.04442743776,0,10180.084897495,985.472669365504,7806.25041312056,0,0,14533.8012745209,23763.4748268234,0,12948.4630507883,0,0,0,0,RESIDENTIAL
MOUNT PLEASANT,NOVENA,0,0,0,342.803091632304,0,16476.996374316,0,0,414699.612504707,0,0,0,4301.21156623027,0,0,0,1560677.63045697,91885.9538538497,0,0,69784.9740694253,0,0,900251.693045272,86506.773206492,0,0,0,0,0,0,0,0,RESIDENTIAL
BOULEVARD,ORCHARD,0,0,0,0,0,0,0,0,132039.012848066,0,150507.798992811,0,0,0,0,0,34851.7917234988,3.26812627130671,21348.6695228462,0,0,0,0,0,10170.1497510814,0,0,0,111629.749978559,0,0,0,0,COMMERCIAL
SOMERSET,ORCHARD,0,0,0,989.368653778897,0,0,0,513.997656459859,114285.373672198,0,128384.627728916,0,0,0,0,0,0.013292031231396,0,26201.8021753046,0,761.408661879025,2412.05249739319,4.07103852626277,0,16967.574417594,0,0,0,38917.6495011212,0,0,0,0,COMMERCIAL
TANGLIN,ORCHARD,0,0,0,0,0,0,0,0,51331.7965898248,0,17231.9438034674,0,0,0,0,0,30028.3909530865,0,28525.1941583096,0,4340.18134444464,0,0,0,0,0,0,0,36079.525029126,0,0,0,0,ROAD
CHINA SQUARE,OUTRAM,0,0,0,0,0,0,0,0,35957.8530528039,0,36914.5565949662,0,0,0,0,0,0,0,20798.1189074122,0,326.543340545351,4356.31684807878,0,0,0,27694.6582071719,0,0,6958.88907346365,0,0,0,0,COMMERCIAL
CHINATOWN,OUTRAM,0,0,0,4083.41729863248,0,0,0,22470.2222752262,149762.536522459,0,221890.9604071,0,0,0,0,0,41844.2004519316,6156.50517765341,59742.1610973688,0,15755.1630654374,12579.1075905848,13633.4642368103,0,4465.12239032521,0,13570.1509870739,0,21269.6563366178,0,0,0,0,COMMERCIAL
PEARL'S HILL,OUTRAM,0,0,20742.9923171885,22464.434392231,0,0,0,75708.2620236633,144712.575314692,0,19575.4197366385,0,4569.40657683749,4727.63586888162,0,0,167556.359951199,0,28112.7519737261,0,33769.175515432,836.687415833814,9831.55662431751,0,7386.92404481814,13636.1453954986,4252.25826025594,0,3725.95587168388,0,0,0,0,RESIDENTIAL
PEOPLE'S PARK,OUTRAM,0,0,0,0,0,0,0,0,31097.1802199061,0,31987.3791724148,0,0,0,0,0,0,0,0.00125215855310501,0,0,8.39155842240024e-05,0,0,0,28267.8572277466,0,0,0,0,0,0,0,COMMERCIAL
FLORA DRIVE,PASIR RIS,0,0,44517.6661218009,9069.80041565654,0,0,0,11703.8627647755,194738.458941223,0,1247.64068075323,0,2684.99951848785,10041.0627486756,0,0,663844.113745475,0,0,0,0,1001.75653079067,3064.65632543644,0,2144.21715487057,0,940.211745403092,0,0,0,0,0,0,RESIDENTIAL
LOYANG EAST,PASIR RIS,0,0,0,1616.11810580746,289007.602163714,1037.81317810489,0,1987.63091422682,112710.997303157,0,0,0,2078.97738903962,0,0,0,335555.216194198,0,0,0,102691.77712049,0,0,0,124377.641522115,0,1064.39947245339,0,0,0,0,0,0,RESIDENTIAL
LOYANG WEST,PASIR RIS,0,1726875.69517462,0,3957.95964812671,0,53416.5445009788,0,10720.1289227379,276608.349159475,0,3413.07349631311,0,0,12499.4437689059,0,0,0,0,0,0,13304.0466538769,864.980515986183,0,0,0,0,4503.9903032553,0,0,0,0,0,0,BUSINESS 2
PASIR RIS CENTRAL,PASIR RIS,0,0,54378.4482282391,9179.12910609386,0,56912.0423216773,0,68569.4601728847,288024.900128481,0,11525.1946484031,0,0,0,0,0,770557.926128673,13302.2530964566,0,7170.08794487297,0,18328.0487646305,3006.97020358134,0,167356.540129171,38324.8759015707,4851.70355806385,0,0,0,0,0,0,RESIDENTIAL
PASIR RIS DRIVE,PASIR RIS,0,0,151497.198876158,0,0,27284.5349865743,0,57902.4165062595,287016.728197105,0,0,0,1923.73645771276,0,0,0,960675.075955505,0,48783.826177185,0,16819.4116905827,42476.1834424065,9522.84566920031,0,27435.8808634778,0,8498.80737411783,0,0,0,0,0,0,RESIDENTIAL
PASIR RIS PARK,PASIR RIS,81810.7044951377,0,0,2355.47411598426,0,74165.6036754865,0,669527.58298448,125802.023010801,0,0,0,0,0,0,0,451508.765242066,306824.556601701,0,0,0,0,0,0,1249.27097200609,0,6460.89206433808,0,0,0,0,0,0,PARK
PASIR RIS WAFER FAB PARK,PASIR RIS,13.6689957313167,3180146.37606198,0,309697.267794786,463503.90293326,260197.128823804,0,35014.8447071466,522889.3558724,0,0,0,0,0,0,0,0,7.49644105273856e-07,0,0,0,0,0,0,553959.021424133,0,0,0,0,0,0,0,0,BUSINESS 2
PASIR RIS WEST,PASIR RIS,0,0,147433.23484822,1359.12473250409,0,31552.2296317114,0,30334.3053116912,303238.554530425,0,0,0,1998.58733457283,0,0,0,978759.782148334,0,32965.2047478961,0,5604.00764727068,8020.95259397423,752.095951993185,0,38422.2515669943,0,2999.98838649724,0,0,0,0,0,0,RESIDENTIAL
AIRPORT ROAD,PAYA LEBAR,0,456049.040523203,0,0,4.47924358726082,13933.6414869968,0,0,12869.5316944382,0,0,0,7.57037117940751e-05,0,0,0,0,0,0,0,0,0,0,0,0,0,0,0,0,0,0,0,0,BUSINESS 2
PAYA LEBAR EAST,PAYA LEBAR,0,638773.352589089,0,8707.94847448492,304.128358385596,360363.558119333,0,138528.24649829,210877.814386699,0,0,0,3418.10815923352,0,0,0,0,0,0,0,8330.53906189879,0,3967.62964355823,0,885965.927232395,0,0,0,0,0,0,0,0,RESERVE SITE
PAYA LEBAR NORTH,PAYA LEBAR,0,945888.56601817,0,35507.5486205854,0,20093.6407444529,0,0,235700.275725849,0,0,0,0,0,0,0,0,0,0,0,31731.6204622992,320.900212638286,0,0.000932405221514783,3923.2768586188,0,14046.8099515042,0,0,0,0,0,0,BUSINESS 2
PAYA LEBAR WEST,PAYA LEBAR,0,250481.161889574,0,2798.5748703466,0,2615.08585374646,0,0,216892.431434621,0,0,0,0,0,0,0,0,0,0,0,0,0,0,128939.326087913,0,0,0,0,0,0,0,0,0,BUSINESS 2
PLAB,PAYA LEBAR,0,0.0237603302795183,0,0.00438992702877751,6875348.98277279,751.483305100329,0,0,154354.232976388,0,0,0,5117.85762193429,0,0,0,0,0,0,0,0,0,0,0,18686.8689773573,0,0,0,0,0,0,0,0,SPECIAL USE
BENOI SECTOR,PIONEER,0,1308841.87608563,0,19282.0451402509,0,17737.1951055742,0,0,270284.358151177,0,3013.22160554604,0,0,0,0,0,0,0,0,0,0,0,0,0,423472.278170159,0,0,0,0,0,0,0,0,BUSINESS 2
GUL BASIN,PIONEER,0,1599362.69685435,0,8561.4982547442,0,6946.98443409718,0,0,143705.586376706,0,0,0,0,0,0,0,0,0,0,0,12021.3192082509,0,0,0,0,0,0,0,0,0,0,0,0,BUSINESS 2
GUL CIRCLE,PIONEER,0,2701466.79558924,0,2201.65725847852,0,6899.77247139069,0,0,536639.907234929,0,8213.86743394042,0,0,0,0,0,0,0,0,0,4977.45768493559,0,0,0,0,0,0,0,0,0,0,0,0,BUSINESS 2
JOO KOON,PIONEER,0,1652213.89622224,0,111154.905728239,0,6723.37217442039,0,0,506854.420996801,0,4315.86179733137,0,2256.81040797343,0,0,0,0,0,0,0,0,0,0,0,18864.0783032854,0,0,46994.8881443649,0,0,0,0,0,BUSINESS 2
PIONEER SECTOR,PIONEER,0,1953009.81343016,0,15522.5519482804,643718.937397047,2625.75114895077,0,0,178722.351457495,0,3199.17332420599,0,0,0,0,0,0,0,0,0,0,0,0,0,0,0,0,0,0,0,0,0,0,BUSINESS 2
CONEY ISLAND,PUNGGOL,0,0,0,6714.98972301484,0,241257.932338085,0,472461.54057276,52037.5603295996,0,0,0,0,0,0,0,294144.54359592,133818.625716288,0,0,0,0,0,0,0,0,0,0,0,0,0,0,0,PARK
MATILDA,PUNGGOL,0,0,83876.927819779,4529.9017963545,0,88020.5879979615,0,62662.9988899447,326428.148810846,0,7990.14547301481,0,0,2789.23394826344,0,0,761369.481813631,0,0,7684.25853172842,5008.05838706401,13067.8306193568,0,0,42969.7438036978,0,11635.368447989,0,0,0,0,0,0,RESIDENTIAL
NORTHSHORE,PUNGGOL,0,0,316320.335143526,0,0,1650.86925738871,0,129872.501759654,299496.615524249,0,22193.2528062442,0,0,4012.76965091332,0,0,463463.534049079,0,0,0,17203.7333274821,5557.89165077355,0,0,27457.1985532781,0,10640.1337865864,0,0,0,0,75537.9957056032,0,RESIDENTIAL
PUNGGOL CANAL,PUNGGOL,0,0,90308.8889516979,2010.21529337061,0,244832.038615012,0,82616.9873064139,240900.791405039,0,0,0,1886.2046167421,0,0,0,372625.821196768,0,0,0,0,0,0,0,56423.182323672,0,10113.0734495213,0,0,0,0,150690.452202198,0,RESIDENTIAL
PUNGGOL FIELD,PUNGGOL,0,0,140403.1448232,0,0,65767.8360801365,0,60489.9111186653,266763.573036373,0,7909.85290284097,0,4028.75189724386,5116.52671158599,0,0,778750.549664364,0,26591.1272813586,0,2710.28221907059,15129.4807409908,0,0,0,0,5049.50002867369,0,0,0,0,0,0,RESIDENTIAL
PUNGGOL TOWN CENTRE,PUNGGOL,0,0,69694.7284797794,0,0,141897.780709825,0,191331.394453688,276068.338155982,0,0,2551.63565436672,3926.37827972158,0,0,0,331091.759378335,64745.7819089905,73668.2412668499,6687.69733733226,28197.879314532,18504.6866788212,0,0,46518.114971319,0,7152.9094078975,0,0,0,0,0,0,RESIDENTIAL
WATERWAY EAST,PUNGGOL,0,0,85048.2321590674,0,0,126835.932042713,0,100272.104666622,283267.711129293,0,13269.9722249275,0,0,5183.68567152882,0,0,822464.934388012,0,0,0,6155.12706054905,16612.2479987556,0,0,20627.2386402456,0,9510.21816327647,0,0,0,0,0,0,RESIDENTIAL
COMMONWEALTH,QUEENSTOWN,0,0,0.0129235356218171,6262.65243268983,0,0,0,0,62754.2561381323,0,0,0,0,0,0,0.0051084995989703,221307.432163823,0,16353.9628602401,0,0,0,0,0,0,0,3855.68547205111,0,0,0,0,0,0,RESIDENTIAL
DOVER,QUEENSTOWN,0,0,415193.914283327,0,0,2540.67603580086,0,0,178275.370043869,0,0,0,0,4507.51397675145,0,0,211179.060816068,0,0,0,0,0,2.18248746794269e-05,0,382531.217078533,176747.344680042,9361.13802041776,0,0,0,0,0,0,EDUCATIONAL INSTITUTION
GHIM MOH,QUEENSTOWN,0,0,0,6959.3491486751,0,14921.3965069836,0,40658.339778925,54926.7215536751,0,0,0,0,0,0,0,301354.71016768,0,21013.3330353303,0,5955.02729159638,9.0321443941987e-05,2080.00546062593,0,37703.5256462152,0,0,0,0,0,0,0,0,RESIDENTIAL
HOLLAND DRIVE,QUEENSTOWN,0,0,0.000826225310757297,2292.02108919752,0,0,0,22202.0256007008,97579.6354417888,0,33744.1342461394,0,1391.55999472551,0,0,45992.757958674,200533.4034928,0,19847.9675815549,0,29403.6640522125,0,2933.69791375074,0,14753.9126471714,0,0,0,0,0,0,0,0,RESIDENTIAL
KENT RIDGE,QUEENSTOWN,0,0,0,26785.5153727059,29665.3570028361,8755.28808694483,0,639746.862168446,230791.616892515,0,0.206626954423942,0,0,0,0,0.00485200558893411,570326.930306219,0,0,0,52603.5639396887,0,0,0,15068.2220517656,0,0,0,0,0,0,253104.995136238,0,PARK
MARGARET DRIVE,QUEENSTOWN,0,0,87964.1160550714,3116.62822374462,0,4004.49416956565,0,46062.3288899003,207019.150341422,0,9105.34860049319,0,1679.79940231903,10877.1103818117,0,0,500249.165178542,0,0,0,22023.205308943,17253.7463665084,0,0,102227.068519867,0,14980.5272972343,0,0,0,0,0,0,RESIDENTIAL
MEI CHIN,QUEENSTOWN,0,0,0,3266.69761928202,0,4314.95447412654,0,2266.51690748444,150848.594733607,0,2587.1246773344,0,9461.47442728759,2543.6540579355,0,0,499751.342851157,37769.0678476204,0,0,11002.6711226115,0,18590.9970293849,0,0,0,6280.89154352745,0,0,0,0,0,0,RESIDENTIAL
NATIONAL UNIVERSITY OF S'PORE,QUEENSTOWN,0,0,1414029.28404199,5182.43542019931,0,0,0,0,117539.450003967,0,0,0,5739.72253667956,165680.830590927,0,0,0.00325262003368692,0,0,0,45310.2649685502,0,0,0,0,0,0,0,0,0,0,0.00606887347243025,0,EDUCATIONAL INSTITUTION
ONE NORTH,QUEENSTOWN,0,0,97908.3617835245,32166.3065604276,0,9284.17975676633,0,147637.146692646,544802.611579796,0,55201.8765873888,0,0,0,0,0,230532.466515408,0,0,4600.67598813132,0,5509.5089941153,31473.9410732925,0,0,287996.624958891,0,0,0,0,73907.9067710396,482426.544100186,0,ROAD
PASIR PANJANG 1,QUEENSTOWN,0,0,12.4138810664356,6716.58693611381,0,0,0,0,224723.844052416,0,0,0,2120.91660312922,0,0,0,393683.799917753,82035.3246400895,4261.05423934344,0,13827.1133269076,0,2214.74634037174,0,2415.89022358747,0,21661.2590326381,0,0,0,0,331119.361131456,0,RESIDENTIAL
PASIR PANJANG 2,QUEENSTOWN,0,0,20575.7259329537,1566.44226674084,0,12316.790785346,0,7546.68010380322,138539.129255512,0,60811.1196242192,0,4357.48402354933,0,0,211460.450946949,272840.404450198,0,0,0,820.188090197099,0,7513.40217790059,0,0,0,6229.27309151665,0,0,0,0,108629.471842321,0,RESIDENTIAL
PORT,QUEENSTOWN,0,173697.967208742,0,45077.9227533512,0,17258.4381738788,6020434.23952599,595691.740229712,269177.869106415,0,51030.2397949701,0,0,16152.8345800943,0,0,8111.0298999579,39759.6031908197,0,0,12105.3078707273,0,2191.88728707765,0,355517.995952902,0,0,0,0,0,0,0,0,PORT / AIRPORT
QUEENSWAY,QUEENSTOWN,0,0,0,8559.01757922411,0,7006.37539380678,0,24947.4160436291,151266.098494861,0,0,0,0,130952.750645729,0,0,282186.913990936,0,9936.61630980839,0,7108.73151990461,983.415553238341,0,0,5945.74859395427,0,0,0,0,0,0,0,0,RESIDENTIAL
SINGAPORE POLYTECHNIC,QUEENSTOWN,0,0,459308.35784735,8772.27329145343,0,29772.7255336324,0,9459.60609125466,164448.814105576,0,0,0,0,3952.32279288537,0,0,266968.397997957,0,0,0,0,0,0,0,4770.36415306533,0,0,0,0,0,0,0,0,EDUCATIONAL INSTITUTION
TANGLIN HALT,QUEENSTOWN,0,0,16124.4098081629,1336.91210007811,0,928.311763957037,0,66967.2936967607,109419.945688165,0,17904.9359293873,0,0,0,0,108315.700038444,212245.93944761,0,0,0,0,2137.54949378744,0,0,0,0,14360.3939490451,0,0,0,0,7534.31798521722,0,RESIDENTIAL
INSTITUTION HILL,RIVER VALLEY,0,0,16085.5125610892,3372.15048742271,0,4127.11713885096,0,15758.9135868788,74019.0522752387,0,4323.53138461894,0,952.348867482757,0,0,0,202089.700493351,0,0,0,2759.39791065186,2929.88457041759,22388.3345180841,0,34707.5376943156,0,9049.88986705093,0,0,0,0,0,0,RESIDENTIAL
LEONIE HILL,RIVER VALLEY,0,0,0,0,0,0,0,0,80872.0609158994,0,0.080266469460885,0,0,0,0,0,259244.290763723,0,0,0,0,1344.15272104946,4518.89806643322,0,22042.9277781047,0,0,0,460.567510398642,0,0,0,0,RESIDENTIAL
ONE TREE HILL,RIVER VALLEY,0,0,0,0,0,0,0,0,82854.7448371277,0,0,0,0,0,0,0,257888.582956374,0,0,0,0,0,0,0,0,0,0,0,0,0,0,0,0,RESIDENTIAL
OXLEY,RIVER VALLEY,0,0,0,0,0,0,0,0,42731.4269138061,0,0,0,0,0,0,0,146855.920708282,0,0,0,905.648462052159,0,6734.96989788391,0,0,0,3558.6945817738,0,0,0,0,0,0,RESIDENTIAL
PATERSON,RIVER VALLEY,0,0,0,1562.79000572645,0,0,0,0,57630.073064692,0,0,0,0,0,0,0,51459.5415552157,0,0,0,0,0,35038.5554377222,0,27430.7802910385,0,0,0,0,0,0,0,0,ROAD
BENCOOLEN,ROCHOR,0,0,23718.7197399154,380.808643851001,0,0,0,0,56341.1069862461,0,21125.0351849682,0,0,0,0,0,0,0,17459.5067441777,0,2963.42460239006,6544.13092091231,19994.1955172015,0,2033.81164965088,4012.39552227406,4800.94525479627,0,11290.2235539291,0,0,0,0,ROAD
FARRER PARK,ROCHOR,0,0,0,2111.21542309858,0,0,0,0,74697.351897362,0,26958.9714410708,0,0,0,0,0,0,0,19681.164419676,0,1366.48556979193,2558.10883049403,42611.6858646982,0,0,24224.9703878063,4608.28386011516,0,19289.0299924739,0,0,0,0,ROAD
KAMPONG GLAM,ROCHOR,0,0,2478.32594924203,1117.14886463605,0,0,0,0,58878.1379740903,0,75083.4108553963,0,0,0,0,0,0,0,0,0,10570.2465651889,3618.80274144007,0,0,7095.2738787449,0,5270.40770815615,0,7222.62162392255,0,0,0,0,COMMERCIAL
LITTLE INDIA,ROCHOR,0,0,0,1432.26024355109,0,0,0,0,86638.5235862479,0,134453.948124479,0,0,0,0,0,19714.8392442084,0,0,0,6087.78947360284,2506.72326327062,11927.4994754897,0,4617.49005152152,6193.51601167694,4730.96290229632,0,0,0,0,0,0,COMMERCIAL
MACKENZIE,ROCHOR,0,0,0,0,0,0,0,0,25340.684328387,0,5667.88851687164,0,0,0,0,0,8298.68037457025,0,0,0,0,0,0,0,0,0,0,0,16374.0281099482,0,0,0,0,ROAD
MOUNT EMILY,ROCHOR,0,0,10600.8355462776,0,0,0,0,0.479216958563617,34946.6566102052,0,0.554751666835192,0,0,0,0,0,143138.787584626,0,724.915198638433,0,17.5498891229848,30.7826252814229,852.662511039653,0,0,0,3679.13859814571,0,0,0,0,0,0,RESIDENTIAL
ROCHOR CANAL,ROCHOR,0,0,16993.3353426438,0,0,5545.99502980674,0,8287.44441630314,34457.9677731647,0,0,0,0,0,0,0,31680.204401449,0,7625.00488147125,0,0,3056.75648033665,3933.52533364917,0,2547.87752455528,0,6043.21928505454,0,0,0,0,0,0,ROAD
SELEGIE,ROCHOR,0,0,0,0,0,0,0,0,19419.8273570003,0,19819.7295431009,0,0,0,0,0,3246.74444680671,0,4178.03144771856,0,0,0,0,0,0,0,1193.67264168404,0,1768.03160432061,0,0,0,0,COMMERCIAL
SUNGEI ROAD,ROCHOR,0,0,0,0,0,4096.69374904544,0,9905.38222286773,27242.2540050289,0,12616.8129565185,0,0,0,0,0,15966.5681539949,0,8134.95753083515,0,0,0,36594.7240750826,0,1772.58962504016,0,0,0,0,0,0,0,0,RESIDENTIAL WITH COMMERCIAL AT 1ST STOREY
VICTORIA,ROCHOR,0,0,10626.7142248682,0,0,0,0,0,64117.0136499218,0,43490.2062098103,0,0,0,0,0,0,0,30260.3491186185,0,15765.1438387163,8275.17956982147,4091.54591011591,0,5835.88742745049,0,17564.1573753228,0,14224.1120935751,0,0,0,0,ROAD
PULAU PUNGGOL BARAT,SELETAR,0,112053.358608927,0,509632.143194981,0,103454.45083264,97478.9432391371,59251.2125948586,155706.412953205,0,0,0,0,0,0,0,0,0,0,0,0,0,0,0,1012474.66491022,0,0,0,0,0,0,0,0,RESERVE SITE
PULAU PUNGGOL TIMOR,SELETAR,0,393244.304948597,0,4358.08487205333,0,119549.712904443,0,0,81676.66383228,0,0,0,0,0,0,0,0,0,0,0,117061.55629807,0,0,0,543852.818011326,0,0,0,0,0,0,0,0,RESERVE SITE
SELETAR,SELETAR,0,0,0,0,0,365815.465827646,0,0,244746.724889638,0,0,0,0,0,0,0,0,0,0,0,0,0,0,0,3305507.14684481,0,0,0,0,0,0,0,0,RESERVE SITE
SELETAR AEROSPACE PARK,SELETAR,0,1217325.91553514,0,4709.58044790898,0,93644.7492889438,1553485.64364277,51443.4766623958,526506.059875014,0,139971.237097669,0,0,0,0,0,0,0,0,0,0,0,0,0,35924.0590590891,0,0,0,0,0,0,0,0,PORT / AIRPORT
ADMIRALTY,SEMBAWANG,0,0,13979.0255557988,0,0,0,0,83077.8792329065,152135.392442636,0,3497.69427055414,0,0,0,0,0,930223.396367982,69159.3441898528,0,0,5563.82411451115,4012.19175760653,0,0,0,0,0,0,0,0,0,0,0,RESIDENTIAL
SEMBAWANG CENTRAL,SEMBAWANG,0,0,57089.0926870104,3350.6200886288,0,18090.2638413395,0,38778.9197031693,196286.623008039,0,0,0,1910.30051246716,2113.64818782742,0,77280.530557271,479927.460544004,0,8564.42160228396,9765.34842594689,10656.2432934469,9290.20953291108,0,0,20433.1529093107,25898.3140790528,1986.56405523485,0,0,0,0,0,0,RESIDENTIAL
SEMBAWANG EAST,SEMBAWANG,0,0,68159.12788582,10455.700693717,0,74447.3871731869,0,12306.3436842614,186311.99864125,0,0,0,0,0,0,0,369580.831319537,0,28598.6689751175,0,0,264.69763555403,0,0,7998.71029679538,0,0,0,0,0,0,0,0,RESIDENTIAL
SEMBAWANG NORTH,SEMBAWANG,0,28002.0320891436,112098.664203973,7058.79725105093,0,91355.8158903047,0,15094.528095147,202195.204852472,0,0,0,0,0,0,100216.165531543,783408.25833621,0,7380.92789527522,0,8609.8046966191,22863.0096866137,0,0,0,0,16195.3264956156,0,0,0,0,0,0,RESIDENTIAL
SEMBAWANG SPRINGS,SEMBAWANG,0,41658.5515921432,6000.58943911718,16453.1245468712,0,30851.355492737,0,27209.7791210823,254531.045450301,0,9322.8383092718,0,4314.89104080378,8905.4844541685,0,82121.5658487982,587154.642717757,0,0,14262.2957270645,4009.83154067783,3077.74637196207,7290.00945847374,0,0,0,2230.9290631894,0,0,0,0,0,0,RESIDENTIAL
SEMBAWANG STRAITS,SEMBAWANG,0,0,0,809.913360259628,0,77047.5726664813,7.74365772707186,135167.261048721,170714.426227426,0,0,0,0,0,0,0,766499.396119829,33419.7472134493,0,0,0,0,2205.62573921274,0,354861.951077394,0,0,0,0,0,0,0,0,RESIDENTIAL
SENOKO NORTH,SEMBAWANG,0,1320899.62566465,0,561222.58713403,0.0777861851888792,50257.8551488613,31965.5612571211,0,239668.884975619,0,6714.92389749567,0,27421.8928992036,0,0,0,0,0,0,0,3073.48392304434,0,0,0,0,0,0,0,0,0,0,0,0,BUSINESS 2
SENOKO SOUTH,SEMBAWANG,0,1317419.91224797,0,13242.1863747354,0,38230.2808731702,0,3883.69491312852,328578.481566423,0,7846.7095334955,0,0,0,0,0,0,0,0,0,34158.9282320394,0,0,0,0,0,0,0,0,0,0,0,0,BUSINESS 2
THE WHARVES,SEMBAWANG,0,0.0171477774547507,0,0,445673.137632587,2192.24550382061,280582.655167585,0.0174408110805153,25432.7151775948,0,0,0,0,0,0,0,0.0772453653084736,13587.471868314,0,0,0,0,0,0,868339.796559308,0,0,0,0,0,0,0,0,RESERVE SITE
ANCHORVALE,SENGKANG,0,0,163288.370144174,0,0,75949.804100826,0,82395.3247798591,287230.202645221,0,0,0,2295.69889803561,78717.5648808498,0,0,712538.163386655,49545.214548044,9678.31397073614,0,2517.43275446479,10811.2056945628,0,0,11348.8199040657,0,10365.1383605947,0,0,0,0,0,0,RESIDENTIAL
COMPASSVALE,SENGKANG,0,0,32415.2250115259,23624.4317930264,0,15070.4771652749,0,29775.1204793628,204887.531144585,0,0,0,115059.235984944,0,0,158370.917778497,287550.219853176,0,37257.5501509218,0,21954.0214911139,3585.42696441432,0,0,151926.979862811,0,11736.3736346009,0,0,0,0,0,0,RESIDENTIAL
FERNVALE,SENGKANG,0,0,109584.297562869,1688.26621477661,0,105767.494927393,0,242019.687483478,542715.905988385,0,18652.9181823703,2851.29082690437,2000.53053392872,10703.0480363996,0,0,1222848.12830037,0,20427.2106066434,0,23337.7837011683,15758.8257647841,0,0,59878.3919749331,0,13389.5374683907,0,0,0,0,0,0,RESIDENTIAL
LORONG HALUS NORTH,SENGKANG,0,631774.201549244,0,2808.45633017537,0,98392.8340935817,0,20409.4856874643,171481.037636265,0,0,0,0,0,0,0,0,0,0,0,0,0,0,0,0,0,0,0,0,0,0,0,0,BUSINESS 2
RIVERVALE,SENGKANG,0,0,64897.6614904147,189.567792997076,0,104993.274761539,0,72078.4220211507,329800.375247887,0,0,0,0,0,0,0,921663.443427274,0,37887.8462597231,0,9153.1097656093,15772.275633521,0,0,0,0,12598.8078397833,0,0,0,0,0,0,RESIDENTIAL
SENGKANG TOWN CENTRE,SENGKANG,0,0,71290.592447004,0,0,0,0,46283.1252746239,328578.056460768,0,17464.8137959864,0,3992.7639765718,3818.16909292069,0,0,896325.418074497,0,27086.0256118186,5098.38386660931,5110.73653793154,24445.7220119961,0,0,31040.6186174862,0,0,0,0,0,0,0,0,RESIDENTIAL
SENGKANG WEST,SENGKANG,0,1166599.39887427,0,9710.48782360529,0,3576.97240232082,0,0,425034.213033286,0,0,0,61968.1086482672,0,0,0,0,0,0,0,0,197.283108530999,0,0,0,0,0,0,0,0,0,0,0,BUSINESS 2
LORONG CHUAN,SERANGOON,0,0,86067.7283690866,3486.45392991058,0,8955.0076445989,0,31421.5602594299,290546.54319338,0,0,0,1817.18525796029,6547.44129746596,0,39775.6165632485,691615.665259869,0,0,0,0,7434.08177863649,2045.65439203282,0,1072.7338474649,0,9340.42530568619,0,0,0,0,0,0,RESIDENTIAL
SELETAR HILLS,SERANGOON,0,0,48007.7044158455,10602.6080120902,0,12722.4219698154,0,231575.550342676,527704.276196872,0,0,0,1122.89309931204,0,0,0,1462329.18147714,0,21022.7863591498,0,0,0,8624.77463798203,0,3235.12271108536,0,3735.91501719635,0,0,0,0,0,0,RESIDENTIAL
SERANGOON CENTRAL,SERANGOON,0,0,101338.293148656,0,0,11865.6902407722,0,4083.08382911184,206077.292362714,0,19983.2281033382,0,2030.57136557626,7596.58100229088,0,0,518824.630578386,48441.1451524749,88332.9683868902,0,4088.35039539216,6158.7249791119,9614.73806820503,0,204.20527524448,25003.3631609329,8246.48886679627,0,0,0,0,0,0,RESIDENTIAL
SERANGOON GARDEN,SERANGOON,0,0,135827.884062963,5509.35605358142,0,13567.3819747662,0,86824.593865668,678901.930881629,0,21596.9743915087,0,7741.70008696789,11701.5524968405,0,0,1880520.76372863,31184.9528385574,47463.8886298632,0,29914.3162183165,11892.6063495062,10065.2832860527,0,28007.9246462068,0,22427.6898995771,0,0,0,0,0,0,RESIDENTIAL
SERANGOON NORTH,SERANGOON,0,58543.8565628514,17241.8846010812,4498.45950799722,0,15353.466367128,0,3966.55730668294,122759.44911743,0,6338.04886450016,0,0,0,0,167248.495086807,280534.111226226,0,0,0,3698.3209450016,2521.65581793127,0,0,0,0,1999.9909984275,0,0,0,0,0,0,RESIDENTIAL
SERANGOON NORTH IND ESTATE,SERANGOON,0,624291.418647858,0,0,0,25646.3759157694,0,0,164291.707889446,0,0,0,7075.44603415523,0,0,100126.000352731,0,0,0,0,0,0,0,0,0,0,0,0,0,0,0,0,0,BUSINESS 2
UPPER PAYA LEBAR,SERANGOON,0,0,25015.6949017036,2594.51297932754,0,0,0,18566.1779886603,227457.108914087,0,0,0,0,0,0,0,567786.57935685,0,0,0,30779.138987803,10480.3246387438,3341.03234804647,0,0,0,12534.5002794021,0,0,0,0,0,0,RESIDENTIAL
PULAU SELETAR,SIMPANG,0,0,0,0,0,66237.4868490797,0,0,0,0,0,0,0,0,0,0,0,0,0,0,0,0,0,0,1545041.18851162,0,0,0,0,0,0,0,0,RESERVE SITE
SIMPANG NORTH,SIMPANG,0,0,0,0,0,343112.786989798,0,0,51667.749409115,0,0,0,0,0,0,0,0,0,0,0,0,0,0,0,3055674.82275186,0,0,0,0,0,0,0,0,RESERVE SITE
SIMPANG SOUTH,SIMPANG,0,0,0,0,0,79167.0309912227,0,2707.50964181143,42598.0229671062,0,0,0,0,0,0,0,0,0,0,0,0,0,0,0,2022609.50060516,0,0,0,0,0,0,0,0,RESERVE SITE
TANJONG IRAU,SIMPANG,0,0,0,0,0,257388.879034211,0,0,0,0,0,0,0,0,0,0,0,0,0,0,0,0,0,0,816986.242131209,0,0,0,0,0,0,0,0,RESERVE SITE
BOAT QUAY,SINGAPORE RIVER,0,0,0,256.163532035982,0,25050.0028308316,0,14167.1622298316,48918.2795115022,0,60147.7795509583,0,0,0,0,0,0,0,0,0,2542.77772508669,6284.54811484616,0,0,2296.98107139049,0,0,0,1143.80238141957,0,0,0,0,COMMERCIAL
CLARKE QUAY,SINGAPORE RIVER,0,0,0,2399.18514386061,0,37895.9918949469,0,0,90274.2490001607,0,48095.6164040854,0,2263.93882319079,0,0,0,0,0,20928.3918080166,0,0,32781.6805175293,0,0,106.790242287109,13859.4306922333,2808.51017997275,0,38770.8692351909,0,0,0,0,ROAD
ROBERTSON QUAY,SINGAPORE RIVER,0,0,0,0.0036833750728771,0,46159.7045766702,0,0.0129385655259707,127874.686076947,0,0,0,1857.39730584162,0,0,0,76543.5678945883,0,85126.9390790495,0,3113.92017866477,38853.1978280113,60711.1176383424,0,1296.76766225567,0,0,0,65051.6543136203,0,0,0,0,ROAD
SENTOSA,SOUTHERN ISLANDS,83560.2891276869,0,0,48979.2167038969,0,344880.117616849,2141.02084848928,66817.0656075958,332410.753231775,0,109409.289719607,0,49607.8399115643,0,0,0,504764.847710045,1930915.1198768,0,0,1838.44814259716,478291.496580733,0,0,0,485162.667612761,0,0,481054.440486537,0,0,0,0,SPORTS & RECREATION
SOUTHERN GROUP,SOUTHERN ISLANDS,108762.99842934,0,0,38264.0694272153,0,0,0,0,31673.7773570698,0,0,0,9495.09470452314,0,0,0,0,1114377.41190442,0,0,0,407420.899028962,0,0,491019.720024705,0,5298.22656434922,0,0,0,0,0,0,SPORTS & RECREATION
STRAITS VIEW,STRAITS VIEW,0,0,0,0,0,0,57041.7883773532,72776.7588904835,227107.773541221,0,0,0,0,0,0,0,0,0,0,0,0,0,0,0,650367.503184917,120003.043364071,0,0,0,0,0,0,0,RESERVE SITE
GALI BATU,SUNGEI KADUT,0,1022032.91477712,0,9142.80972060364,959770.302322349,118707.214371505,0,118870.472711054,609796.049948459,0,11517.3433716316,0,324643.587522022,0,0,0,0,0,0,0,306501.545960157,1970.62615800535,0,0,1700881.18740976,0,2293.98586603188,0,0,0,0,0,0,RESERVE SITE
KRANJI,SUNGEI KADUT,0,1150821.78954406,0,284547.895649308,0,248440.65049818,0,33522.4396338903,338545.459369527,0,0,0,0,0,0,0,0,29244.4720552785,0,0,50181.9904134311,0,0,0,1510552.09288318,0,0,0,0,0,0,0,6174.24638849449,RESERVE SITE
PANG SUA,SUNGEI KADUT,0,1511807.60837985,0,5360.43385753633,0,272309.495868219,0,5.44118139112093e-08,297371.902350581,0,1861.28952993614,0,0,0,0,0,0,0,0,0,3005.39477034725,0,0,0,0,0,0,83663.9331215938,0,0,0,0,0,BUSINESS 2
RESERVOIR VIEW,SUNGEI KADUT,0,1519873.54916363,0,6158.86271032782,0,693421.611489792,0,111405.87901815,230021.555164744,0,2912.83556648976,0,0,0,0,0,0,0,0,0,0,0,0,0,720336.138358677,0,0,0,0,0,0,0,0,BUSINESS 2
TURF CLUB,SUNGEI KADUT,0,0,0,46869.5940310825,0,88671.8728368166,0,36263.3869117682,428069.83578707,0,17793.1010354701,0,0,0,0,0,251734.246820708,1229339.68979192,0,12945.9986919461,0,0,0,54269.1274871905,1125448.57518121,0,0,0,0,0,0,0,0,SPORTS & RECREATION
SIMEI,TAMPINES,0,360117.111122833,198671.029981566,43665.6720354966,0,62593.7836420591,0,56806.9835985092,578716.202737658,0,15710.1016042897,0,84934.6331305596,66900.3949371326,0,0,1256591.21182474,0,0,5650.60598028409,15396.0614192698,9203.23367742261,6679.14914892029,0,0,0,15860.2781932272,0,0,0,0,0,0,RESIDENTIAL
TAMPINES EAST,TAMPINES,0,0,276073.339630796,13657.1034756559,0,33865.1265831697,0,213406.311532335,859172.642301524,0,169877.384071368,0,8247.88336087993,33377.8800025616,0,0,2299841.86770038,0,194329.880676155,7222.56113067564,22797.8005714829,53578.3599880958,81755.2033810789,0,60510.3553482791,0,16039.3245376573,0,0,0,0,0,0,RESIDENTIAL
TAMPINES NORTH,TAMPINES,0,168688.211953038,82688.6204462484,19501.3074324097,0,56806.2177533112,0,195301.167889333,624328.828014514,93554.9268283469,0,0,2011.10468831904,11979.8350355492,0,127497.8917323,744682.290582084,0,23817.8643243694,0,5638.90658800884,15525.1647870542,0,0,357886.270058948,0,13148.2875037408,0,0,0,0,0,0,RESIDENTIAL
TAMPINES WEST,TAMPINES,0,188302.098673427,498914.376942169,10650.2839517149,0,54370.9341873573,0,84833.0552529369,599257.465980069,0,4494.90322407081,0,17235.7490447509,8005.43741736603,0,0,1654350.10913064,74899.0913007088,73733.017727632,0,37903.4190877197,32505.0559462624,36368.2069205441,0,73948.4458241311,0,25481.1002536489,0,0,0,0,0,0,RESIDENTIAL
XILIN,TAMPINES,46637.5438412531,759078.195527443,174733.565722188,76773.6856009646,0,316832.220421307,0.0111053539579119,177984.871809166,1505901.52210843,0,240771.305594106,0,441495.945154135,0,0,0,115553.435004582,2296880.05265634,0,6539.15745597634,79371.0018977143,208.686403131439,0,0,848039.300031862,0,4000.62197069541,0,0,0,77351.6037241447,487666.367719174,0,SPORTS & RECREATION
CHATSWORTH,TANGLIN,0,0,67701.4542305037,1691.77412599594,0,14834.5654408617,0,2869.35917012433,217872.739493479,0,2523.55793731306,0,2707.6122291124,0,0,0,996132.21699804,0,24246.0751794097,0,4149.40491687676,0,1032.4127178305,0,0,0,10383.0554418088,0,0,0,0,0,0,RESIDENTIAL
NASSIM,TANGLIN,0,0,0,7023.23654336953,0,23967.1626978777,0,0,377650.924874038,0,0,0,1035.56961248853,15092.7948722058,0,0,1565236.8446842,0,7936.91690079506,0,24920.4358578091,0,1771.81025744962,0,0,0,0,0,71442.3103512326,0,0,0,0,RESIDENTIAL
RIDOUT,TANGLIN,0,0,0,2667.97616737063,0,0,0,0,252377.480108554,0,0,0,0.0336599577248733,0,0,0,1329838.78975123,0,0,0,104506.969915992,0,0,0,255990.60083364,0,6378.4521796779,0,0,0,0,0,0,RESIDENTIAL
TYERSALL,TANGLIN,0,0,116293.027999307,4668.99415291377,167081.851658108,9416.19460166528,0,816370.393180418,228540.88891923,0,0,0,0,0,0,0,678519.13945651,0,5807.65177702721,0,2577.42512108477,129013.363674626,0,0,0,0,0,0,0,0,0,0,0,PARK
BRICKLAND,TENGAH,0,0,52096.8168752478,19299.7606471651,0,12445.8876073775,0,131623.598237815,180521.271269715,0,0,0,2021.81995374792,5220.30381242695,0,0,298563.695949466,0,57555.3856101208,0,10279.6706009188,0,0,0,6472.11472629152,0,8612.09773182882,0,0,0,0,0,0,RESIDENTIAL
FOREST HILL,TENGAH,0,0,70302.6649726329,0,0,36020.1401052039,0,285342.707220129,230013.221643252,0,13438.1463696331,0,0,0,0,0,303765.937258176,0,0,0,4852.59071441213,0,0,0,91348.0558065212,0,11334.1111588665,0,0,0,0,0,0,RESIDENTIAL
GARDEN,TENGAH,0,0,17988.1515055469,0,0,86012.9248948774,0,99859.4606042459,148955.176667329,0,0,0,2140.9779169389,70490.7443322372,0,0,293787.105473875,0,26633.9275239528,5430.80912516837,0,0,0,0,24364.5585732812,0,5095.8673156501,0,0,0,0,0,0,RESIDENTIAL
PARK,TENGAH,0,0,66623.0213525137,0,0,68195.8354265307,0,383735.444350266,205190.845164468,0,0,0,0,0,0,0,368963.118931017,59824.0217001938,206919.802842064,8035.62209314621,18615.6058333594,0,0,0,70032.384887061,0,3022.60507033584,0,0,0,0,0,0,PARK
PLANTATION,TENGAH,0,0,47960.2772868342,9539.867100862,0,32117.2880304196,0,108768.130041755,229205.374821976,0,0,0,0,3950.54080607637,0,0,379988.682237125,7017.80060444636,65992.914708774,3510.3838071624,0,0,0,0,5038.44081948662,0,6012.82336567796,0,0,0,0,0,0,RESIDENTIAL
TENGAH INDUSTRIAL ESTATE,TENGAH,0,940596.675283393,49772.8354902015,5277.18259098872,0,74065.0427247089,0,390464.417628593,453198.338796493,0,0,0,445079.582098132,0,0,0,0,0,0,0,22494.5656666633,0,0,0,0,0,12389.647586847,0,0,0,0,0,0,BUSINESS 2
BIDADARI,TOA PAYOH,0,0,49105.063005668,2661.54883896801,0,17600.1687507025,0,116831.599456736,120423.202437528,0,0,0,0,0,0,0,219656.289917915,0,25441.2063297661,0,0,0,20783.0769878129,0,0,0,0,0,0,0,0,0,0,RESIDENTIAL
BOON TECK,TOA PAYOH,0,0,0,0,0,0,0,10997.3637953966,81126.0921763273,0,1543.84191051171,0,2321.83843062889,5032.0474550144,0,44011.7657500829,252777.546844119,0,0,0,4034.12853873564,0,6071.39706192626,0,0,0,10741.3344596876,0,0,0,0,0,0,RESIDENTIAL
BRADDELL,TOA PAYOH,0,0,40229.0378104091,0,0,12303.8015488273,0,6127.24180170058,87914.5982958037,0,1090.60480262332,0,2184.52576325567,0,0,87081.2879651609,181084.841854851,0,0,0,6852.51069129461,9536.01846038138,4081.66216926387,0,5918.60703331191,0,1837.04893236503,0,0,0,0,0,0,RESIDENTIAL
JOO SENG,TOA PAYOH,0,1133.70998151483,23758.2761821145,1087.44819595655,0,13990.8921586123,0,12749.9014786815,206777.363585892,49640.9772464145,2426.79050809809,0,4368.81380775836,0,0,275961.725726229,194557.481055415,0,0,0,242797.311443716,7763.4164962446,11413.7029765618,0,0,0,3093.56103175609,1344.01524691407,4299.76152508853,0,0,0,0,BUSINESS 1
KIM KEAT,TOA PAYOH,0,0,0,0,0,0,0,4002.12313968675,113375.370010758,0,7452.03472352925,0,0,0,0,0,215489.531672033,0,0,0,0,0,0,0,0,0,29451.4937587145,0,0,0,0,0,0,RESIDENTIAL
LORONG 8 TOA PAYOH,TOA PAYOH,0,0,15277.3290570975,0,0,40395.9615675921,0,11420.7317427888,96619.3328911658,0,3763.74039598786,0,65599.444923978,0,0,48249.8608009552,141433.348191468,0,0,0,10290.1788259422,4116.91341092158,1922.65179518737,0,0,0,557.267518363776,0,0,0,0,0,0,RESIDENTIAL
PEI CHUN,TOA PAYOH,0,0,21837.71622638,0,0,0,0,7235.09605534408,89069.9024214947,0,5626.69234895887,0,0,3538.34501155819,0,82438.5583563249,178942.433257549,0,0,0,7000.48750343045,0,4393.48439887093,0,6975.74740949524,0,4345.46704647811,0,0,0,0,0,0,RESIDENTIAL
POTONG PASIR,TOA PAYOH,0,0,128478.771015628,503.442463235593,0,58591.3366562442,0,4260.77767336936,143888.296555466,0,0,0,0,6373.89808200891,0,0,252150.956754297,0,36968.4679666403,0,3991.95574638894,2294.30337447965,0,0,28.4627975870918,0,1612.90025512998,0,0,0,0,0,0,RESIDENTIAL
SENNETT,TOA PAYOH,0,0,50572.6556581201,5274.24595705377,0,0,0,24661.9791728821,198008.115479742,0,0,0,1181.82567897836,6377.57984034023,0,0,493428.679321694,0,0,0,56462.5395700562,3180.63002269754,15317.3551284624,0,0,0,13284.7770297239,0,0,0,0,0,0,RESIDENTIAL
TOA PAYOH CENTRAL,TOA PAYOH,0,0,41802.3350464894,0,0,0,0,54678.9427580799,209495.743793768,0,71451.3058455573,0,2589.92739786851,0,0,21129.4159599546,476168.120421749,97338.8587514704,45015.4138182494,0,43487.2580730352,9192.03899822055,2577.52488589741,0,4262.70774646483,0,9576.89187564851,0,18500.5496506373,0,0,0,0,RESIDENTIAL
TOA PAYOH WEST,TOA PAYOH,0,0,105594.580842073,5877.75058217338,0,4340.44347732925,0,15459.6266309286,214008.517914829,0,2834.38529756567,0,0,33361.4257870899,0,17100.2345667863,547060.601987171,0,0,0,34238.3391447151,0,9219.03554625905,0,48186.1526704772,0,0,0,0,0,0,0,0,RESIDENTIAL
WOODLEIGH,TOA PAYOH,0,0,50016.8502422264,0,0,14879.4093324076,0,2734.89947157938,104561.247391015,0,0,0,0,0,0,0,386130.940521337,0,0,0,0,0,0,0,255059.634245765,0,0,0,0,0,0,0,0,RESIDENTIAL
TENGEH,TUAS,0,0,0,2127.86815447955,0,612739.209142134,0,0,182118.078336499,0,0,0,1393557.33473034,0,0,0,0,0,0,0,1.07107411128526e-06,0.0591103947391809,0,0,60695.7629924611,0,0,0,0,0,0,0,0,TRANSPORT FACILITIES
TUAS BAY,TUAS,0,5094474.16207856,0,71533.5398205842,0,51456.3883665935,0,0,480616.500424552,0,9009.55531689711,0,0,0,0,0,0,0,0,0,0,0,0,0,157149.348916663,0,0,0,0,0,0,0,0,BUSINESS 2
TUAS NORTH,TUAS,0,2662675.45491674,0,21113.2484804304,0,34500.8838850251,0,0,532014.491409126,0,9213.60243202369,0,633.178316812053,0,0,0,0,0,0,0,0,0,0,0,0,0,0,0,0,0,0,0,0,BUSINESS 2
TUAS PROMENADE,TUAS,0,2489115.07182421,0,12141.9558449602,0,25217.8273689177,0,0,564982.545707832,0,3238.02590321841,0,297205.851494138,0,0,0,0,143014.828489428,0,6560.39959974155,207977.385400671,18697.6965927054,0,0,369006.370433233,0,0,0,0,0,0,0,0,BUSINESS 2
TUAS VIEW,TUAS,0,3595209.00600861,0,12478.3068065282,0,4616.87731391052,0,0,855088.696871228,0,4636.48762650524,0,0,0,0,0,0,0,0,0,0,0,0,0,0,0,0,0,0,0,0,0,0,BUSINESS 2
TUAS VIEW EXTENSION,TUAS,0,9118867.09419547,0,1949241.1546392,3315.36251213199,62071.2375721989,10787157.8055503,0,1577733.51324333,0,0,0,3674.84661790896,0,0,0,0,28065.5314615086,0,0,98929.9084896025,0,0,0,4080976.46931966,0,0,0,0,0,0,0,0,PORT / AIRPORT
JURONG ISLAND AND BUKOM,WESTERN ISLANDS,0,33299125.9784877,0,1442970.73907844,0,46160.0278371517,0,0,1689424.71091829,0,0,0,21251.9328174696,0,0,0,0,0,0,0,9979.14188904414,6746.51477968403,0,0,122494.808995291,0,0,0,0,0,0,0,0,BUSINESS 2
SEMAKAU,WESTERN ISLANDS,0,472886.326441732,0,3841453.93696186,0,0,0,0,0,0,0,0,0,0,0,0,0,0,0,0,0,603251.466713187,0,0,5865.45888060128,0,0,0,0,0,0,0,40329.9839076181,UTILITY
SUDONG,WESTERN ISLANDS,0,0,0,0,0,0,13042.8451657067,0,0,0,0,0,0,0,0,0,0,0,0,0,0,4194228.24827429,0,0,0,0,0,0,0,0,0,0,0,OPEN SPACE
BAHAR,WESTERN WATER CATCHMENT,0,344333.522899576,0,2875.34248679971,0,1945.19298312004,0,0,150492.145095508,0,0,0,0,0,0,0,0,0,0,0,0,492.826746852438,0,0,0,0,0,0,0,0,0,0,0,BUSINESS 2
CLEANTECH,WESTERN WATER CATCHMENT,0,0,5.32250277314971,4317.04129883115,0,0,0,72492.998577834,185351.589403098,0,0,0,0,0,0,0,0,0,0,6022.23150039989,5518.97190243674,0,0,0,1.77256913626615,0,0,0,0,0,0,423927.416432585,0,BUSINESS PARK
MURAI,WESTERN WATER CATCHMENT,0,0,1727043.71398481,201195.541604731,14176470.5173177,10465788.3489375,0,2.19740290551623e-07,1375012.0658415,0,0,0,41201.2901376263,0,0,0,0,129110.298202633,0,20372.0307436517,471836.797322246,32427801.0968368,0,2324725.58917311,2296997.29074238,0,0,0,0,0,0,10.287371060901,2892994.41920924,OPEN SPACE
GREENWOOD PARK,WOODLANDS,0,36419.0091437772,198675.007667457,0,0,26090.7463743896,0,224639.435573242,236577.232865489,119745.66521119,103404.758127732,0,0,0,0,0,230481.719495482,0,0,0,36572.3394460118,16032.9328252889,0,0,37693.1367082437,0,0,0,0,0,0,14964.5182112527,0,ROAD
MIDVIEW,WOODLANDS,0,0,73618.4484993461,0,0,3263.96614665103,0,61827.0783367324,149976.494935518,0,0,0,1999.95303829003,5158.390000988,0,0,581989.452793462,0,26957.4337358031,0,3817.6972672389,16609.3089802462,8420.07690375184,0,0,0,2777.22549124067,0,0,0,0,0,0,RESIDENTIAL
NORTH COAST,WOODLANDS,0,582727.122993732,0,2957.52136787985,0,11965.9692705515,1045.64815746807,38677.2809301658,299856.075347487,0,0,0,0,2376.04371156298,0,26391.0364353443,214793.153780518,0,0,0,222841.87682798,31696.2397970379,129561.262461028,0,755133.769565459,0,0,0,0,0,0,130924.534819507,0,RESERVE SITE
SENOKO WEST,WOODLANDS,0,567904.45156647,0,22622.131079614,0,11378.6334049547,0,0,234658.62488092,0,0,0,52706.8058658111,0,0,0,0,0,0,0,6598.054715943,0,0,0,0,0,10052.3602494335,0,0,0,0,0,0,BUSINESS 2
WOODGROVE,WOODLANDS,0,0,193229.733068893,47967.1686413873,0,13834.8468950317,0,138511.569559474,309091.597644348,0,0,0,2200.68256892631,10773.1708296211,0,0,808982.451955109,0,51196.6577144014,0,13357.084734131,39062.8206643057,15112.3638092102,0,16257.682906825,0,4609.40852064339,0,0,0,0,0,0,RESIDENTIAL
WOODLANDS EAST,WOODLANDS,0,53805.0822768024,204705.131737506,12508.9732507807,0,24419.8174995552,0,103815.021174914,453341.522076882,0,0,0,0,7039.44885707317,0,132122.76489412,1447036.16534479,0,37325.4734328988,10684.2188969645,10161.6142373853,35269.5103757185,0,0,4806.80920777607,8980.72576577861,7441.4105770442,0,0,0,0,0,0,RESIDENTIAL
WOODLANDS REGIONAL CENTRE,WOODLANDS,0,129801.107104232,0,0,0,0,0,0,195204.224461678,0,73321.8956861464,0,22297.6573754487,0,0,6333.25443164228,43986.0371799021,0,0,16010.0542753169,0,869.383782119322,34765.7960971892,0,0,71061.7178126091,2001.01079762784,0,0,0,0,0,0,ROAD
WOODLANDS SOUTH,WOODLANDS,0,19269.2175424138,206618.719481669,3229.8956107171,0,0,0,64945.4201226819,350356.675590449,0,0,0,2007.05991951755,76723.7495007086,0,77946.3135348988,701482.027406464,0,15190.1463523003,0,3950.76946138891,19160.171194523,0,0,27560.1485811744,0,7565.92034059446,0,0,0,0,0,0,RESIDENTIAL
WOODLANDS WEST,WOODLANDS,0,90154.1430153066,68611.0645204005,2673.96832636809,0,77761.3876006483,0,103397.014770837,237047.22280225,0,7067.51189334255,0,3395.64624191665,0,0,0,824064.528956113,66452.5374008959,28000.6379273625,6534.67602370471,32641.3713172765,44957.278504733,26624.5550086971,0,15307.5428388023,0,13938.817301256,0,0,0,0,0,0,RESIDENTIAL
KHATIB,YISHUN,0,0,35948.0975507894,0,305567.264024657,0,0,64027.5694086164,122030.743182345,0,0,0,0,0,0,0,871185.670973586,14999.9304701721,0,7227.90763927406,0,6603.75708423244,3199.95957001595,0,0,0,2122.16485000468,0,0,0,0,0,0,RESIDENTIAL
LOWER SELETAR,YISHUN,0,0,36978.2696908372,168904.902129009,426105.299079372,3240506.75484681,0,614714.157949201,496712.410046287,0,0,0,0,0,0,0,633915.958615812,705714.350754747,0,0,4018.80561904925,25145.2142757503,0,0,2093436.96732409,0,5004.98775350454,0,0,0,0,0,0,WATERBODY
NEE SOON,YISHUN,0,0,0,3287.91015562763,1230095.73040632,6509.65825394691,0,85282.848433699,212551.833349267,0,0,0,5738.94136140616,0,0,0,238957.729203649,0,26092.0508707081,0,4864.95835361819,449.398218075108,874.596026291812,114338.277429369,277705.999900784,0,0,0,0,0,0,0,0,SPECIAL USE
NORTHLAND,YISHUN,0,255861.52214885,86158.0189492851,9715.94874646109,0,13284.0611711713,0,7041.30351969595,275468.306278069,0,0,0,10634.516962108,0,0,279668.527570415,394049.022793109,0,33665.4332412325,0,13246.7218876864,9667.04237397304,26620.7299411987,0,80401.6314159568,0,15517.5751816685,0,0,0,0,0,0,RESIDENTIAL
SPRINGLEAF,YISHUN,0,0,0,4062.69146606576,0,60513.934222914,0,206575.670990807,370884.596118609,0,0,0,2340.99088676717,0,0,0,956435.145267412,0,0,0,0,0,21775.9852179977,0,579089.594176106,0,7532.08176729456,0,0,0,0,0,0,RESIDENTIAL
YISHUN CENTRAL,YISHUN,0,0,0,1088.97264580244,0,47053.6948082694,0,36772.4783593662,89725.2441249682,0,14893.758568155,0,0,44303.5456085228,0,0,0,0,79431.1041976508,0,0,4452.22941287893,0,0,118647.506090225,0,0,0,0,0,0,0,0,RESERVE SITE
YISHUN EAST,YISHUN,0,0,118814.030786975,0,0,36694.5496986101,0,40932.6371615242,259676.873083528,0,4917.85205569348,0,4189.00071127243,7727.00955097772,0,0,1187772.30004146,0,60128.3485322207,0,8821.76891276679,19798.8660230112,8881.45322622046,0,2701.73022407469,0,8189.63605779181,0,0,0,0,0,0,RESIDENTIAL
YISHUN SOUTH,YISHUN,0,0,88775.4725222104,0,0,21635.0317928469,0,164907.319880615,173861.5749471,0,0,0,1993.11320514881,5162.59812691512,0,0,686686.701387814,88532.0278456177,56322.8639782172,0,13916.8000841598,17267.2107981207,14600.5267325276,0,5189.49015631433,0,1317.25695154581,0,0,0,0,0,0,RESIDENTIAL
YISHUN WEST,YISHUN,0,0,148614.655838867,1806.18765090755,0,23759.9514994202,0,76241.7887778191,238419.029266852,0,2043.53517334516,0,3702.64177982401,13771.7450780002,0,0,830924.206742423,14958.0016185004,50384.9658621333,6639.24035430389,12269.698294113,18212.2522255183,55034.0855286764,5211.13677105255,2026.46456962305,0,13747.8022881698,0,0,0,0,0,0,RESIDENTIAL
